,LAT,LON,d0,d1,d2,d3,d4,d5,d6,d7,d8,d9,d10,d11,d12,d13,d14,d15,d16,d17,d18,d19,d20,d21,d22,d23,d24,d25,d26,d27,d28,d29,d30,d31,d32,d33,d34,d35,d36,d37,d38,d39,d40,d41,d42,d43,d44,d45,d46,d47,d48,d49,d50,d51,d52,d53,d54,d55,d56,d57,d58,d59,d60,d61,d62,d63,d64,d65,d66,d67,d68,d69,d70,d71,d72,d73,d74,d75,d76,d77,d78,d79,d80,d81,d82,d83,d84,d85,d86,d87,d88,d89,d90,d91,d92,d93,d94,d95,d96,d97,d98,d99
d0,42.034437949907876,-87.69921331749404,0.0,3.34,2.62,1.24,3.0,5.43,1.84,3.1,2.15,2.98,0.2,2.66,2.63,1.26,2.5,1.45,4.47,1.07,2.96,4.23,3.69,3.77,4.49,0.56,3.93,4.54,1.65,2.8,1.14,1.18,3.9,4.07,4.29,4.6,5.11,5.51,3.94,3.92,1.63,1.05,0.45,0.79,3.46,3.06,4.17,1.06,1.96,0.25,3.21,0.75,4.69,2.31,0.45,1.22,3.36,3.76,2.49,2.78,3.06,4.9,1.86,0.68,0.9,3.11,1.11,2.6,1.93,4.15,2.63,0.98,1.99,4.17,5.23,1.01,3.4,3.33,0.63,1.06,0.3,4.51,1.29,1.7,2.86,0.26,1.43,5.21,3.32,3.09,5.36,2.25,1.31,3.16,3.46,2.38,1.78,4.62,1.41,2.2,2.24,4.29
d1,42.05689442908671,-87.75688200074629,3.34,0.0,1.59,2.88,1.62,2.16,1.9,0.54,2.24,1.94,3.22,0.68,1.22,2.69,2.22,1.96,1.13,3.24,1.89,1.3,2.3,1.7,1.54,3.09,0.84,2.33,1.85,0.99,2.47,2.39,0.57,1.96,0.99,2.47,2.59,2.22,1.3,1.54,2.85,3.29,2.89,2.7,2.31,1.44,2.53,4.29,2.61,3.1,2.19,2.79,2.49,2.19,3.78,2.71,0.9,1.35,0.85,2.06,0.3,2.8,1.51,2.95,3.57,0.53,2.69,0.76,2.17,1.86,1.25,2.87,2.86,2.32,2.95,2.86,0.33,0.48,2.72,3.77,3.56,2.5,2.66,1.93,1.08,3.35,2.38,1.89,2.15,0.25,3.09,1.39,2.06,0.67,0.44,1.28,1.6,1.57,3.95,2.22,1.55,1.31
d2,42.034379410581124,-87.75019492574862,2.62,1.59,0.0,2.81,0.39,3.12,0.77,1.84,2.73,0.52,2.58,1.22,2.1,1.52,0.63,1.26,2.49,2.05,0.46,1.79,1.2,1.16,2.02,2.16,1.66,1.93,1.89,0.6,1.49,1.43,2.05,1.46,2.15,2.0,2.5,3.22,1.43,1.33,1.47,3.07,2.2,1.82,1.05,0.45,1.65,3.3,1.13,2.43,0.82,2.42,2.09,2.78,3.06,2.63,0.98,1.21,1.2,0.51,1.52,2.31,1.5,2.0,2.45,1.07,2.54,1.1,2.53,1.54,0.36,2.65,3.19,1.59,2.62,1.76,1.4,1.96,2.15,3.43,2.9,1.92,2.63,2.07,2.14,2.75,2.41,3.02,0.86,1.44,2.76,1.92,1.77,0.98,1.99,0.51,1.11,2.19,3.72,0.69,0.42,1.87
d3,42.05236254673564,-87.70097517607992,1.24,2.88,2.81,0.0,3.19,5.04,2.14,2.48,1.03,3.3,1.04,2.29,1.84,2.02,2.98,1.59,3.95,2.12,3.25,4.03,4.01,3.86,4.3,1.58,3.64,4.66,1.06,2.73,1.7,1.68,3.39,4.19,3.88,4.75,5.14,5.09,3.84,3.92,2.45,0.44,1.13,1.47,3.83,3.17,4.46,2.24,2.65,1.08,3.58,0.58,4.83,1.19,1.43,0.19,3.23,3.73,2.13,3.16,2.59,5.09,1.46,1.59,2.09,2.85,0.28,2.28,0.87,4.21,2.66,0.27,0.75,4.39,5.37,1.86,3.06,2.7,0.94,0.95,1.22,4.7,0.22,0.96,2.07,1.03,0.5,4.75,3.65,2.66,5.51,1.53,1.04,2.96,2.85,2.4,1.71,4.39,1.07,2.7,2.39,4.08
d4,42.03340418568825,-87.75773902964573,3.0,1.62,0.39,3.19,0.0,2.87,1.16,1.97,3.05,0.32,2.97,1.41,2.34,1.87,0.78,1.65,2.36,2.39,0.27,1.52,0.85,0.78,1.73,2.54,1.49,1.54,2.24,0.71,1.87,1.82,2.0,1.07,1.99,1.6,2.11,2.97,1.14,0.99,1.77,3.46,2.59,2.21,0.75,0.2,1.27,3.66,1.4,2.82,0.58,2.81,1.69,3.09,3.45,3.0,0.83,0.9,1.43,0.5,1.63,1.92,1.84,2.38,2.8,1.09,2.92,1.3,2.87,1.16,0.58,3.04,3.53,1.21,2.23,2.13,1.37,2.04,2.55,3.83,3.29,1.53,3.0,2.42,2.35,3.14,2.77,2.81,0.57,1.52,2.36,2.2,2.15,0.95,2.05,0.83,1.48,1.91,4.11,0.97,0.81,1.61
d5,42.06199037165776,-87.79840086644653,5.43,2.16,3.12,5.04,2.87,0.0,3.76,2.59,4.32,3.13,5.33,2.8,3.29,4.58,3.66,3.99,1.16,5.13,3.11,1.35,2.93,2.26,1.17,5.11,1.52,2.13,4.0,2.69,4.44,4.36,1.67,2.21,1.17,2.27,1.8,0.11,1.73,1.97,4.59,5.45,4.98,4.72,3.12,2.71,2.79,6.3,4.25,5.2,3.19,4.94,2.19,4.24,5.88,4.87,2.17,1.99,2.97,3.36,2.45,2.4,3.65,4.95,5.51,2.32,4.84,2.85,4.3,2.01,2.93,5.03,4.96,2.53,2.25,4.79,2.03,2.39,4.83,5.93,5.68,2.4,4.82,4.09,3.09,5.47,4.54,0.4,3.07,2.39,2.34,3.53,4.2,2.29,2.25,3.11,3.65,0.97,6.11,3.81,3.34,1.26
d6,42.03454750959213,-87.73516329788247,1.84,1.9,0.77,2.14,1.16,3.76,0.0,1.94,2.27,1.18,1.81,1.3,1.92,0.82,0.85,0.56,2.96,1.38,1.14,2.46,1.9,1.93,2.72,1.4,2.24,2.7,1.37,1.07,0.72,0.67,2.45,2.23,2.69,2.76,3.27,3.85,2.14,2.08,0.95,2.35,1.43,1.05,1.7,1.21,2.37,2.57,0.8,1.66,1.45,1.69,2.85,2.36,2.29,1.96,1.6,1.94,1.18,1.02,1.72,3.07,1.08,1.24,1.75,1.49,1.86,1.18,2.04,2.31,0.83,1.95,2.62,2.35,3.39,1.04,1.83,2.12,1.4,2.69,2.13,2.68,1.98,1.56,2.05,1.98,1.8,3.6,1.53,1.68,3.52,1.62,1.13,1.48,2.21,0.65,0.61,2.87,2.99,0.6,0.42,2.54
d7,42.060977172373946,-87.74788480964176,3.1,0.54,1.84,2.48,1.97,2.59,1.94,0.0,1.74,2.27,2.95,0.65,0.71,2.65,2.44,1.83,1.47,3.16,2.21,1.84,2.73,2.18,2.07,2.93,1.38,2.85,1.5,1.27,2.37,2.29,0.92,2.47,1.45,2.99,3.13,2.64,1.83,2.06,2.88,2.9,2.66,2.55,2.7,1.8,3.01,4.1,2.71,2.85,2.55,2.48,3.02,1.68,3.51,2.31,1.37,1.86,0.76,2.34,0.36,3.32,1.25,2.8,3.45,0.92,2.31,0.78,1.71,2.38,1.48,2.5,2.37,2.81,3.48,2.77,0.85,0.23,2.46,3.4,3.29,3.01,2.26,1.54,0.54,3.07,1.98,2.28,2.52,0.47,3.63,0.95,1.79,1.09,0.37,1.41,1.48,2.1,3.55,2.37,1.68,1.84
d8,42.06351869964211,-87.71417552926066,2.15,2.24,2.73,1.03,3.05,4.32,2.27,1.74,0.0,3.25,1.95,1.81,1.03,2.51,3.1,1.77,3.18,2.79,3.19,3.5,3.9,3.58,3.76,2.32,3.07,4.35,0.91,2.43,2.15,2.09,2.65,3.9,3.19,4.47,4.74,4.36,3.4,3.56,2.91,1.46,1.88,2.07,3.78,2.97,4.3,3.2,2.98,1.93,3.55,1.4,4.52,0.16,2.42,0.96,2.83,3.35,1.7,3.19,1.96,4.81,1.24,2.27,2.89,2.38,1.04,1.85,0.25,3.87,2.47,1.21,0.64,4.18,5.03,2.45,2.49,1.93,1.64,1.94,2.2,4.44,0.88,0.72,1.23,1.99,0.73,3.99,3.59,2.06,5.18,0.9,1.24,2.53,2.07,2.23,1.68,3.81,1.99,2.87,2.34,3.53
d9,42.02875372753105,-87.75683882885426,2.98,1.94,0.52,3.3,0.32,3.13,1.18,2.27,3.25,0.0,2.98,1.68,2.6,1.79,0.57,1.72,2.68,2.27,0.06,1.78,0.72,0.93,1.97,2.48,1.79,1.6,2.4,1.0,1.85,1.81,2.32,1.17,2.3,1.63,2.21,3.24,1.4,1.19,1.62,3.53,2.59,2.19,0.54,0.52,1.19,3.55,1.22,2.82,0.3,2.87,1.74,3.3,3.41,3.11,1.15,1.14,1.69,0.25,1.93,1.92,2.02,2.33,2.68,1.41,3.02,1.57,3.05,1.3,0.83,3.12,3.7,1.19,2.26,2.05,1.69,2.36,2.58,3.87,3.28,1.54,3.12,2.58,2.62,3.14,2.91,3.1,0.36,1.83,2.38,2.43,2.26,1.28,2.37,1.02,1.62,2.16,4.17,0.82,0.92,1.88
d10,42.037262888670625,-87.6999858317028,0.2,3.22,2.58,1.04,2.97,5.33,1.81,2.95,1.95,2.98,0.0,2.55,2.47,1.31,2.52,1.38,4.34,1.19,2.94,4.15,3.69,3.73,4.41,0.66,3.83,4.51,1.49,2.73,1.13,1.17,3.77,4.04,4.18,4.58,5.07,5.4,3.88,3.87,1.7,0.87,0.39,0.79,3.47,3.01,4.17,1.25,2.02,0.15,3.21,0.56,4.67,2.11,0.56,1.02,3.28,3.7,2.37,2.78,2.94,4.88,1.72,0.74,1.07,3.01,0.92,2.49,1.73,4.11,2.57,0.78,1.8,4.16,5.21,1.07,3.3,3.18,0.5,0.96,0.35,4.5,1.1,1.52,2.7,0.16,1.23,5.1,3.32,2.97,5.33,2.08,1.16,3.07,3.32,2.32,1.69,4.54,1.3,2.22,2.19,4.21
d11,42.05169459672913,-87.74566235405982,2.66,0.68,1.22,2.29,1.41,2.8,1.3,0.65,1.81,1.68,2.55,0.0,0.94,2.05,1.8,1.28,1.8,2.58,1.63,1.75,2.22,1.79,2.01,2.42,1.35,2.54,1.24,0.7,1.81,1.72,1.24,2.11,1.64,2.67,2.93,2.86,1.6,1.75,2.25,2.68,2.21,2.02,2.16,1.27,2.56,3.61,2.06,2.42,1.97,2.14,2.72,1.81,3.1,2.11,1.02,1.54,0.17,1.73,0.43,3.01,0.86,2.27,2.9,0.58,2.07,0.12,1.69,2.06,0.87,2.25,2.39,2.41,3.22,2.2,0.78,0.82,2.05,3.14,2.89,2.65,2.07,1.35,0.94,2.68,1.79,2.55,1.97,0.43,3.37,0.91,1.4,0.72,0.91,0.77,0.92,2.1,3.35,1.72,1.02,1.79
d12,42.06238653549358,-87.73418273294465,2.63,1.22,2.1,1.84,2.34,3.29,1.92,0.71,1.03,2.6,2.47,0.94,0.0,2.48,2.61,1.62,2.16,2.92,2.54,2.51,3.16,2.72,2.76,2.58,2.06,3.45,0.99,1.64,2.15,2.06,1.62,3.03,2.16,3.58,3.78,3.33,2.46,2.65,2.79,2.28,2.24,2.23,3.09,2.21,3.51,3.68,2.72,2.39,2.89,1.94,3.62,0.97,3.01,1.69,1.92,2.44,0.91,2.6,0.96,3.92,0.93,2.48,3.14,1.46,1.71,1.04,1.02,2.97,1.77,1.9,1.66,3.34,4.11,2.53,1.5,0.9,2.01,2.78,2.78,3.58,1.63,0.96,0.24,2.56,1.36,2.97,2.9,1.07,4.26,0.39,1.36,1.62,1.05,1.6,1.34,2.8,2.9,2.47,1.81,2.53
d13,42.027681538479165,-87.72206015887417,1.26,2.69,1.52,2.02,1.87,4.58,0.82,2.65,2.51,1.79,1.31,2.05,2.48,0.0,1.26,0.86,3.77,0.55,1.77,3.27,2.47,2.65,3.52,0.72,3.07,3.38,1.65,1.89,0.36,0.43,3.25,2.93,3.51,3.42,3.98,4.67,2.94,2.85,0.43,2.07,0.97,0.56,2.23,1.97,2.94,1.78,0.7,1.17,1.98,1.45,3.52,2.63,1.66,1.88,2.41,2.72,1.91,1.56,2.48,3.7,1.55,0.58,0.94,2.31,1.76,1.95,2.25,3.04,1.65,1.76,2.67,2.98,4.05,0.27,2.65,2.86,1.09,2.27,1.56,3.32,1.93,1.81,2.65,1.47,1.86,4.43,2.1,2.46,4.17,2.11,1.27,2.3,2.96,1.47,1.18,3.68,2.61,0.97,1.24,3.35
d14,42.02566798551009,-87.74653232581073,2.5,2.22,0.63,2.98,0.78,3.66,0.85,2.44,3.1,0.57,2.52,1.8,2.61,1.26,0.0,1.4,3.1,1.72,0.58,2.31,1.21,1.5,2.51,1.98,2.25,2.16,2.2,1.23,1.39,1.37,2.68,1.73,2.74,2.18,2.78,3.76,1.93,1.75,1.05,3.16,2.14,1.72,0.96,0.96,1.68,3.0,0.65,2.37,0.72,2.49,2.29,3.17,2.92,2.8,1.57,1.68,1.75,0.33,2.14,2.45,1.87,1.83,2.13,1.7,2.7,1.67,2.87,1.87,0.98,2.77,3.47,1.73,2.8,1.53,2.03,2.57,2.17,3.44,2.8,2.07,2.82,2.39,2.69,2.68,2.65,3.59,0.84,2.06,2.92,2.37,1.97,1.61,2.61,1.04,1.42,2.69,3.76,0.3,0.81,2.4
d15,42.03960099770165,-87.726680408431,1.45,1.96,1.26,1.59,1.65,3.99,0.56,1.83,1.77,1.72,1.38,1.28,1.62,0.86,1.4,0.0,3.07,1.33,1.68,2.77,2.44,2.38,3.04,1.14,2.48,3.17,0.87,1.35,0.54,0.46,2.52,2.7,2.86,3.25,3.71,4.07,2.5,2.49,1.19,1.82,1.0,0.74,2.25,1.66,2.9,2.34,1.21,1.24,1.99,1.16,3.33,1.88,1.91,1.41,1.9,2.33,1.12,1.58,1.71,3.57,0.7,0.99,1.63,1.67,1.31,1.19,1.53,2.75,1.19,1.4,2.07,2.85,3.87,0.94,1.98,2.05,0.91,2.18,1.72,3.18,1.42,1.05,1.79,1.53,1.25,3.79,2.08,1.71,4.01,1.26,0.58,1.71,2.16,0.94,0.36,3.17,2.46,1.14,0.84,2.84
d16,42.064788203571396,-87.77609723860293,4.47,1.13,2.49,3.95,2.36,1.16,2.96,1.47,3.18,2.68,4.34,1.8,2.16,3.77,3.1,3.07,0.0,4.32,2.63,1.14,2.76,2.04,1.21,4.21,0.9,2.33,2.94,1.93,3.57,3.49,0.57,2.16,0.41,2.49,2.31,1.19,1.45,1.77,3.88,4.37,4.02,3.82,2.87,2.17,2.81,5.41,3.59,4.22,2.84,3.91,2.46,3.09,4.9,3.78,1.54,1.67,1.98,2.86,1.41,2.75,2.63,4.06,4.67,1.47,3.77,1.88,3.17,1.98,2.2,3.96,3.81,2.55,2.75,3.96,1.13,1.25,3.84,4.86,4.69,2.57,3.73,3.0,1.94,4.47,3.45,0.81,2.75,1.38,2.88,2.42,3.18,1.52,1.11,2.31,2.72,1.09,5.02,3.17,2.57,1.07
d17,42.02305917635201,-87.71324537091287,1.07,3.24,2.05,2.12,2.39,5.13,1.38,3.16,2.79,2.27,1.19,2.58,2.92,0.55,1.72,1.33,4.32,0.0,2.26,3.82,2.92,3.17,4.06,0.55,3.62,3.87,2.02,2.44,0.79,0.88,3.79,3.43,4.06,3.9,4.48,5.22,3.48,3.37,0.68,2.06,0.99,0.73,2.67,2.5,3.39,1.28,1.08,1.09,2.43,1.54,4.0,2.94,1.36,2.02,2.97,3.26,2.43,2.04,3.01,4.17,2.0,0.54,0.41,2.86,1.9,2.48,2.54,3.55,2.2,1.85,2.84,3.45,4.52,0.39,3.2,3.38,1.2,2.13,1.33,3.79,2.08,2.15,3.11,1.32,2.09,4.98,2.55,3.0,4.63,2.54,1.61,2.85,3.48,2.03,1.68,4.22,2.48,1.45,1.79,3.9
d18,42.029558321307526,-87.75644133972621,2.96,1.89,0.46,3.25,0.27,3.11,1.14,2.21,3.19,0.06,2.94,1.63,2.54,1.77,0.58,1.68,2.63,2.26,0.0,1.76,0.76,0.93,1.95,2.46,1.75,1.61,2.35,0.94,1.82,1.78,2.27,1.17,2.26,1.65,2.22,3.21,1.37,1.18,1.61,3.49,2.56,2.16,0.59,0.47,1.23,3.54,1.22,2.79,0.36,2.83,1.75,3.24,3.39,3.07,1.1,1.12,1.63,0.26,1.88,1.95,1.96,2.31,2.67,1.36,2.97,1.52,2.99,1.3,0.77,3.08,3.64,1.22,2.28,2.03,1.64,2.3,2.54,3.83,3.25,1.56,3.07,2.53,2.56,3.11,2.86,3.07,0.4,1.77,2.4,2.37,2.21,1.22,2.31,0.97,1.57,2.14,4.13,0.81,0.87,1.85
d19,42.04841349399147,-87.77942396169313,4.23,1.3,1.79,4.03,1.52,1.35,2.46,1.84,3.5,1.78,4.15,1.75,2.51,3.27,2.31,2.77,1.14,3.82,1.76,0.0,1.68,0.97,0.27,3.85,0.46,1.2,2.98,1.43,3.17,3.1,1.15,1.03,0.74,1.36,1.31,1.45,0.39,0.67,3.25,4.4,3.78,3.48,1.83,1.36,1.67,5.03,2.9,4.01,1.87,3.83,1.34,3.47,4.68,3.85,0.87,0.65,1.9,2.01,1.55,1.64,2.58,3.69,4.21,1.18,3.8,1.75,3.41,0.84,1.63,3.97,4.11,1.41,1.71,3.5,1.01,1.73,3.66,4.85,4.49,1.43,3.81,3.1,2.38,4.3,3.54,1.33,1.76,1.45,1.85,2.62,3.08,1.08,1.62,1.85,2.46,0.4,5.08,2.46,2.04,0.1
d20,42.025102327691144,-87.77003543637478,3.69,2.3,1.2,4.01,0.85,2.93,1.9,2.73,3.9,0.72,3.69,2.22,3.16,2.47,1.21,2.44,2.76,2.92,0.76,1.68,0.0,0.72,1.78,3.18,1.87,1.03,3.09,1.52,2.56,2.53,2.54,0.73,2.35,1.01,1.66,3.05,1.32,1.01,2.24,4.25,3.31,2.9,0.26,0.96,0.48,4.2,1.84,3.54,0.49,3.59,1.13,3.94,4.12,3.83,1.4,1.09,2.27,0.91,2.37,1.25,2.69,3.03,3.33,1.81,3.73,2.13,3.72,0.93,1.44,3.84,4.38,0.55,1.61,2.74,1.99,2.76,3.3,4.59,3.99,0.89,3.83,3.27,3.15,3.85,3.61,2.99,0.37,2.25,1.72,3.05,2.97,1.64,2.74,1.68,2.32,1.98,4.89,1.5,1.62,1.77
d21,42.035340815327245,-87.77273382015846,3.77,1.7,1.16,3.86,0.78,2.26,1.93,2.18,3.58,0.93,3.73,1.79,2.72,2.65,1.5,2.38,2.04,3.17,0.93,0.97,0.72,0.0,1.09,3.31,1.16,0.8,2.85,1.16,2.65,2.59,1.85,0.33,1.63,0.9,1.34,2.37,0.6,0.3,2.53,4.17,3.35,2.98,0.87,0.72,0.84,4.44,2.15,3.59,0.94,3.53,0.97,3.59,4.22,3.67,0.81,0.38,1.88,1.18,1.83,1.23,2.44,3.16,3.58,1.27,3.6,1.73,3.43,0.38,1.21,3.73,4.12,0.63,1.5,2.91,1.37,2.17,3.29,4.56,4.06,0.87,3.66,3.02,2.66,3.9,3.41,2.29,0.81,1.71,1.64,2.69,2.83,1.1,2.13,1.47,2.16,1.29,4.83,1.73,1.54,1.06
d22,42.04847462866676,-87.78467559106444,4.49,1.54,2.02,4.3,1.73,1.17,2.72,2.07,3.76,1.97,4.41,2.01,2.76,3.52,2.51,3.04,1.21,4.06,1.95,0.27,1.78,1.09,0.0,4.11,0.7,1.14,3.24,1.69,3.43,3.36,1.33,1.08,0.84,1.29,1.13,1.28,0.59,0.8,3.48,4.67,4.04,3.74,1.96,1.58,1.7,5.29,3.13,4.27,2.02,4.09,1.25,3.72,4.94,4.12,1.13,0.84,2.17,2.21,1.81,1.54,2.85,3.95,4.46,1.45,4.07,2.02,3.68,0.87,1.89,4.23,4.37,1.43,1.56,3.75,1.27,1.95,3.93,5.12,4.76,1.39,4.08,3.36,2.62,4.56,3.81,1.22,1.9,1.7,1.69,2.88,3.35,1.35,1.84,2.11,2.73,0.2,5.35,2.69,2.29,0.23
d23,42.03019659888769,-87.70850849163583,0.56,3.09,2.16,1.58,2.54,5.11,1.4,2.93,2.32,2.48,0.66,2.42,2.58,0.72,1.98,1.14,4.21,0.55,2.46,3.85,3.18,3.31,4.11,0.0,3.59,4.06,1.62,2.43,0.68,0.75,3.66,3.6,3.99,4.11,4.65,5.19,3.54,3.48,1.07,1.51,0.45,0.39,2.94,2.61,3.65,1.2,1.41,0.54,2.69,1.0,4.21,2.47,0.94,1.49,2.98,3.34,2.25,2.27,2.84,4.4,1.7,0.16,0.57,2.79,1.37,2.33,2.07,3.7,2.22,1.31,2.31,3.67,4.74,0.45,3.11,3.16,0.68,1.61,0.85,4.02,1.56,1.73,2.79,0.79,1.6,4.92,2.8,2.84,4.86,2.19,1.23,2.81,3.28,2.0,1.49,4.25,1.96,1.68,1.82,3.92
d24,42.052129060333456,-87.77197284609576,3.93,0.84,1.66,3.64,1.49,1.52,2.24,1.38,3.07,1.79,3.83,1.35,2.06,3.07,2.25,2.48,0.9,3.62,1.75,0.46,1.87,1.16,0.7,3.59,0.0,1.6,2.58,1.18,2.92,2.85,0.73,1.33,0.51,1.75,1.77,1.6,0.59,0.91,3.11,4.03,3.47,3.21,1.97,1.3,1.96,4.79,2.79,3.7,1.94,3.47,1.75,3.03,4.38,3.46,0.68,0.78,1.51,1.99,1.11,2.06,2.2,3.44,4.0,0.82,3.42,1.37,2.99,1.17,1.42,3.59,3.68,1.72,2.16,3.28,0.58,1.27,3.34,4.49,4.18,1.81,3.42,2.69,1.92,3.98,3.14,1.37,1.85,1.01,2.3,2.19,2.73,0.78,1.17,1.6,2.15,0.75,4.7,2.35,1.83,0.47
d25,42.03213784710441,-87.78770090609221,4.54,2.33,1.93,4.66,1.54,2.13,2.7,2.85,4.35,1.6,4.51,2.54,3.45,3.38,2.16,3.17,2.33,3.87,1.61,1.2,1.03,0.8,1.14,4.06,1.6,0.0,3.65,1.95,3.41,3.36,2.33,0.47,1.94,0.16,0.63,2.25,1.04,0.8,3.21,4.97,4.13,3.75,1.28,1.51,0.7,5.15,2.81,4.36,1.47,4.33,0.17,4.35,4.98,4.47,1.53,1.01,2.65,1.84,2.52,0.47,3.23,3.91,4.28,1.99,4.4,2.49,4.21,0.48,2.0,4.53,4.9,0.48,0.7,3.64,2.0,2.8,4.08,5.35,4.83,0.26,4.46,3.81,3.37,4.68,4.21,2.3,1.34,2.4,0.84,3.45,3.63,1.83,2.73,2.27,2.96,1.3,5.63,2.42,2.33,1.26
d26,42.051613893319725,-87.721572109807,1.65,1.85,1.89,1.06,2.24,4.0,1.37,1.5,0.91,2.4,1.49,1.24,0.99,1.65,2.2,0.87,2.94,2.02,2.35,2.98,3.09,2.85,3.24,1.62,2.58,3.65,0.0,1.7,1.3,1.23,2.37,3.18,2.84,3.75,4.11,4.06,2.79,2.89,2.03,1.45,1.26,1.3,2.94,2.18,3.51,2.7,2.08,1.4,2.7,0.98,3.82,1.01,2.04,0.87,2.18,2.69,1.07,2.31,1.55,4.09,0.42,1.53,2.19,1.8,0.84,1.23,0.67,3.18,1.68,1.02,1.3,3.42,4.35,1.64,2.01,1.73,1.03,1.92,1.81,3.71,0.84,0.19,1.21,1.59,0.57,3.73,2.75,1.61,4.49,0.6,0.4,1.91,1.87,1.42,0.79,3.33,2.11,1.97,1.48,3.02
d27,42.04292347273135,-87.75261316570246,2.8,0.99,0.6,2.73,0.71,2.69,1.07,1.27,2.43,1.0,2.73,0.7,1.64,1.89,1.23,1.35,1.93,2.44,0.94,1.43,1.52,1.16,1.69,2.43,1.18,1.95,1.7,0.0,1.75,1.68,1.46,1.48,1.63,2.05,2.42,2.78,1.15,1.19,1.95,3.06,2.35,2.05,1.45,0.56,1.88,3.62,1.66,2.59,1.28,2.44,2.12,2.45,3.25,2.54,0.55,1.0,0.75,1.08,0.94,2.39,1.29,2.27,2.82,0.48,2.47,0.61,2.27,1.48,0.27,2.62,2.96,1.75,2.65,2.1,0.81,1.37,2.25,3.48,3.07,2.02,2.52,1.86,1.64,2.88,2.26,2.54,1.27,0.84,2.79,1.55,1.71,0.42,1.39,0.43,1.06,1.83,3.73,1.25,0.65,1.5
d28,42.03284707610242,-87.72125222919249,1.14,2.47,1.49,1.7,1.87,4.44,0.72,2.37,2.15,1.85,1.13,1.81,2.15,0.36,1.39,0.54,3.57,0.79,1.82,3.17,2.56,2.65,3.43,0.68,2.92,3.41,1.3,1.75,0.0,0.09,3.03,2.94,3.33,3.46,3.98,4.52,2.86,2.81,0.77,1.8,0.76,0.34,2.33,1.94,3.04,1.87,0.95,0.98,2.08,1.16,3.56,2.27,1.58,1.55,2.3,2.66,1.65,1.65,2.24,3.76,1.22,0.52,1.1,2.13,1.43,1.71,1.9,3.03,1.54,1.46,2.33,3.04,4.09,0.4,2.46,2.59,0.81,2.06,1.43,3.38,1.59,1.45,2.33,1.3,1.51,4.26,2.18,2.23,4.22,1.77,0.91,2.15,2.7,1.33,0.89,3.57,2.38,1.09,1.14,3.25
d29,42.03384136130771,-87.72223061776991,1.18,2.39,1.43,1.68,1.82,4.36,0.67,2.29,2.09,1.81,1.17,1.72,2.06,0.43,1.37,0.46,3.49,0.88,1.78,3.1,2.53,2.59,3.36,0.75,2.85,3.36,1.23,1.68,0.09,0.0,2.95,2.89,3.26,3.42,3.93,4.45,2.8,2.75,0.82,1.8,0.78,0.39,2.31,1.88,3.0,1.94,0.97,1.01,2.05,1.15,3.51,2.21,1.63,1.53,2.23,2.6,1.56,1.62,2.15,3.72,1.14,0.59,1.18,2.05,1.41,1.62,1.84,2.97,1.48,1.45,2.29,2.99,4.05,0.48,2.38,2.5,0.81,2.08,1.47,3.33,1.56,1.39,2.25,1.33,1.46,4.18,2.15,2.14,4.18,1.69,0.85,2.07,2.61,1.25,0.81,3.5,2.4,1.07,1.07,3.18
d30,42.061674065599796,-87.76582693560373,3.9,0.57,2.05,3.39,2.0,1.67,2.45,0.92,2.65,2.32,3.77,1.24,1.62,3.25,2.68,2.52,0.57,3.79,2.27,1.15,2.54,1.85,1.33,3.66,0.73,2.33,2.37,1.46,3.03,2.95,0.0,2.05,0.56,2.48,2.45,1.72,1.32,1.62,3.38,3.81,3.45,3.26,2.6,1.8,2.68,4.85,3.12,3.66,2.53,3.34,2.48,2.58,4.33,3.22,1.18,1.47,1.41,2.48,0.84,2.78,2.06,3.51,4.13,0.98,3.21,1.33,2.63,1.9,1.73,3.39,3.29,2.44,2.86,3.42,0.65,0.72,3.28,4.29,4.12,2.54,3.17,2.44,1.43,3.9,2.88,1.36,2.46,0.81,3.0,1.86,2.61,1.07,0.58,1.81,2.16,1.29,4.46,2.71,2.07,1.12
d31,42.03353306475775,-87.77863801590497,4.07,1.96,1.46,4.19,1.07,2.21,2.23,2.47,3.9,1.17,4.04,2.11,3.03,2.93,1.73,2.7,2.16,3.43,1.17,1.03,0.73,0.33,1.08,3.6,1.33,0.47,3.18,1.48,2.94,2.89,2.05,0.0,1.75,0.57,1.05,2.32,0.73,0.43,2.78,4.49,3.66,3.28,0.95,1.04,0.64,4.71,2.39,3.89,1.09,3.85,0.64,3.91,4.52,4.0,1.11,0.61,2.2,1.41,2.12,0.91,2.77,3.45,3.84,1.57,3.93,2.05,3.75,0.2,1.53,4.06,4.45,0.39,1.18,3.19,1.63,2.44,3.61,4.88,4.36,0.55,3.99,3.34,2.96,4.2,3.74,2.3,0.96,2.0,1.32,3.01,3.16,1.41,2.38,1.8,2.49,1.27,5.15,1.98,1.86,1.11
d32,42.058799952907926,-87.77607921938635,4.29,0.99,2.15,3.88,1.99,1.17,2.69,1.45,3.19,2.3,4.18,1.64,2.16,3.51,2.74,2.86,0.41,4.06,2.26,0.74,2.35,1.63,0.84,3.99,0.51,1.94,2.84,1.63,3.33,3.26,0.56,1.75,0.0,2.09,1.96,1.23,1.04,1.35,3.57,4.28,3.83,3.6,2.46,1.8,2.39,5.19,3.27,4.05,2.45,3.78,2.07,3.13,4.73,3.7,1.18,1.26,1.81,2.49,1.29,2.36,2.49,3.84,4.42,1.2,3.68,1.69,3.15,1.57,1.89,3.86,3.82,2.14,2.4,3.7,0.88,1.27,3.68,4.76,4.52,2.17,3.66,2.92,1.98,4.31,3.37,0.93,2.35,1.23,2.53,2.37,3.04,1.21,1.14,2.03,2.51,0.76,4.95,2.84,2.28,0.67
d33,42.02998338385095,-87.78863234386696,4.6,2.47,2.0,4.75,1.6,2.27,2.76,2.99,4.47,1.63,4.58,2.67,3.58,3.42,2.18,3.25,2.49,3.9,1.65,1.36,1.01,0.9,1.29,4.11,1.75,0.16,3.75,2.05,3.46,3.42,2.48,0.57,2.09,0.0,0.67,2.38,1.18,0.94,3.23,5.05,4.19,3.8,1.27,1.59,0.62,5.18,2.83,4.43,1.48,4.4,0.12,4.47,5.04,4.56,1.66,1.14,2.77,1.86,2.65,0.34,3.33,3.96,4.31,2.12,4.49,2.61,4.32,0.62,2.09,4.62,5.01,0.46,0.63,3.68,2.14,2.94,4.15,5.43,4.89,0.15,4.55,3.91,3.5,4.74,4.31,2.44,1.35,2.53,0.76,3.57,3.72,1.96,2.87,2.36,3.05,1.45,5.71,2.45,2.4,1.42
d34,42.03597975696334,-87.79882003646239,5.11,2.59,2.5,5.14,2.11,1.8,3.27,3.13,4.74,2.21,5.07,2.93,3.78,3.98,2.78,3.71,2.31,4.48,2.22,1.31,1.66,1.34,1.13,4.65,1.77,0.63,4.11,2.42,3.98,3.93,2.45,1.05,1.96,0.67,0.0,1.9,1.33,1.23,3.83,5.47,4.69,4.32,1.91,2.06,1.29,5.76,3.43,4.92,2.1,4.85,0.55,4.72,5.56,4.95,1.93,1.42,3.06,2.45,2.82,0.64,3.69,4.49,4.89,2.36,4.89,2.91,4.62,0.96,2.52,5.04,5.32,1.11,0.46,4.24,2.28,3.04,4.62,5.88,5.4,0.81,4.93,4.25,3.67,5.23,4.67,2.05,1.97,2.71,0.58,3.84,4.13,2.22,2.94,2.78,3.47,1.21,6.14,3.03,2.88,1.33
d35,42.06351456934815,-87.79919074696336,5.51,2.22,3.22,5.09,2.97,0.11,3.85,2.64,4.36,3.24,5.4,2.86,3.33,4.67,3.76,4.07,1.19,5.22,3.21,1.45,3.05,2.37,1.28,5.19,1.6,2.25,4.06,2.78,4.52,4.45,1.72,2.32,1.23,2.38,1.9,0.0,1.84,2.08,4.69,5.51,5.05,4.8,3.23,2.81,2.9,6.39,4.35,5.27,3.3,5.01,2.3,4.28,5.95,4.92,2.26,2.1,3.04,3.47,2.51,2.51,3.72,5.04,5.6,2.4,4.9,2.92,4.34,2.12,3.02,5.09,5.0,2.64,2.36,4.88,2.1,2.43,4.9,5.99,5.75,2.51,4.88,4.14,3.13,5.54,4.59,0.39,3.18,2.46,2.44,3.58,4.27,2.38,2.29,3.2,3.73,1.08,6.17,3.91,3.42,1.36
d36,42.04382338738698,-87.77503746361342,3.94,1.3,1.43,3.84,1.14,1.73,2.14,1.83,3.4,1.4,3.88,1.6,2.46,2.94,1.93,2.5,1.45,3.48,1.37,0.39,1.32,0.6,0.59,3.54,0.59,1.04,2.79,1.15,2.86,2.8,1.32,0.73,1.04,1.18,1.33,1.84,0.0,0.32,2.89,4.19,3.5,3.18,1.45,0.99,1.37,4.71,2.54,3.73,1.48,3.59,1.2,3.39,4.4,3.65,0.61,0.26,1.74,1.63,1.5,1.5,2.38,3.38,3.88,1.02,3.6,1.58,3.29,0.58,1.32,3.75,3.99,1.12,1.66,3.18,0.97,1.77,3.4,4.62,4.22,1.22,3.63,2.93,2.35,4.03,3.36,1.72,1.37,1.39,1.8,2.51,2.86,0.89,1.69,1.56,2.21,0.77,4.87,2.1,1.72,0.48
d37,42.03923507520237,-87.77530103739733,3.92,1.54,1.33,3.92,0.99,1.97,2.08,2.06,3.56,1.19,3.87,1.75,2.65,2.85,1.75,2.49,1.77,3.37,1.18,0.67,1.01,0.3,0.8,3.48,0.91,0.8,2.89,1.19,2.81,2.75,1.62,0.43,1.35,0.94,1.23,2.08,0.32,0.0,2.76,4.24,3.48,3.14,1.17,0.88,1.06,4.63,2.38,3.72,1.23,3.62,0.97,3.55,4.37,3.73,0.73,0.2,1.86,1.43,1.72,1.27,2.47,3.33,3.78,1.19,3.66,1.7,3.42,0.32,1.3,3.81,4.12,0.81,1.48,3.09,1.21,2.02,3.41,4.65,4.2,0.95,3.71,3.04,2.56,4.02,3.45,1.99,1.11,1.6,1.62,2.66,2.9,1.03,1.96,1.56,2.24,0.99,4.91,1.95,1.68,0.76
d38,42.02241354251929,-87.726523743682,1.63,2.85,1.47,2.45,1.77,4.59,0.95,2.88,2.91,1.62,1.7,2.25,2.79,0.43,1.05,1.19,3.88,0.68,1.61,3.25,2.24,2.53,3.48,1.07,3.11,3.21,2.03,1.95,0.77,0.82,3.38,2.78,3.57,3.23,3.83,4.69,2.89,2.76,0.0,2.49,1.39,0.98,1.99,1.91,2.71,1.96,0.4,1.57,1.75,1.88,3.34,3.03,1.99,2.31,2.43,2.66,2.12,1.37,2.67,3.49,1.88,0.96,1.09,2.41,2.19,2.13,2.66,2.91,1.69,2.19,3.09,2.77,3.85,0.63,2.75,3.07,1.52,2.67,1.92,3.12,2.35,2.2,2.94,1.85,2.28,4.47,1.88,2.63,3.96,2.44,1.67,2.37,3.15,1.57,1.45,3.66,3.01,0.81,1.31,3.34
d39,42.04899479682291,-87.69360218906522,1.05,3.29,3.07,0.44,3.46,5.45,2.35,2.9,1.46,3.53,0.87,2.68,2.28,2.07,3.16,1.82,4.37,2.06,3.49,4.4,4.25,4.17,4.67,1.51,4.03,4.97,1.45,3.06,1.8,1.8,3.81,4.49,4.28,5.05,5.47,5.51,4.19,4.24,2.49,0.0,1.11,1.52,4.06,3.46,4.72,1.93,2.75,0.97,3.8,0.66,5.13,1.61,1.11,0.59,3.58,4.06,2.51,3.38,2.99,5.37,1.82,1.56,1.94,3.22,0.61,2.66,1.31,4.52,2.96,0.44,1.07,4.67,5.67,1.87,3.45,3.13,1.0,0.5,0.92,4.99,0.65,1.37,2.51,0.79,0.93,5.17,3.89,3.06,5.81,1.96,1.34,3.32,3.28,2.69,2.01,4.77,0.67,2.87,2.65,4.45
d40,42.036729088858024,-87.70748089454608,0.45,2.89,2.2,1.13,2.59,4.98,1.43,2.66,1.88,2.59,0.39,2.21,2.24,0.97,2.14,1.0,4.02,0.99,2.56,3.78,3.31,3.35,4.04,0.45,3.47,4.13,1.26,2.35,0.76,0.78,3.45,3.66,3.83,4.19,4.69,5.05,3.5,3.48,1.39,1.11,0.0,0.43,3.09,2.63,3.78,1.45,1.67,0.24,2.83,0.55,4.28,2.03,0.9,1.04,2.91,3.32,2.04,2.4,2.62,4.5,1.42,0.46,1.01,2.66,0.92,2.15,1.64,3.73,2.19,0.86,1.86,3.77,4.82,0.77,2.95,2.89,0.24,1.31,0.72,4.11,1.1,1.33,2.46,0.55,1.15,4.76,2.93,2.64,4.95,1.85,0.88,2.71,3.02,1.94,1.33,4.17,1.64,1.84,1.81,3.84
d41,42.033575818285954,-87.7146490510562,0.79,2.7,1.82,1.47,2.21,4.72,1.05,2.55,2.07,2.19,0.79,2.02,2.23,0.56,1.72,0.74,3.82,0.73,2.16,3.48,2.9,2.98,3.74,0.39,3.21,3.75,1.3,2.05,0.34,0.39,3.26,3.28,3.6,3.8,4.32,4.8,3.18,3.14,0.98,1.52,0.43,0.0,2.68,2.27,3.38,1.59,1.24,0.64,2.42,0.9,3.9,2.21,1.24,1.35,2.6,2.99,1.86,1.99,2.45,4.11,1.33,0.25,0.92,2.4,1.22,1.94,1.81,3.36,1.86,1.21,2.15,3.38,4.43,0.39,2.72,2.77,0.54,1.73,1.09,3.72,1.4,1.42,2.43,0.96,1.37,4.53,2.53,2.45,4.56,1.84,0.89,2.43,2.89,1.63,1.1,3.88,2.07,1.42,1.46,3.55
d42,42.024066992175705,-87.76520399355434,3.46,2.31,1.05,3.83,0.75,3.12,1.7,2.7,3.78,0.54,3.47,2.16,3.09,2.23,0.96,2.25,2.87,2.67,0.59,1.83,0.26,0.87,1.96,2.94,1.97,1.28,2.94,1.45,2.33,2.31,2.6,0.95,2.46,1.27,1.91,3.23,1.45,1.17,1.99,4.06,3.09,2.68,0.0,0.9,0.72,3.95,1.59,3.32,0.26,3.39,1.38,3.82,3.88,3.65,1.43,1.21,2.18,0.69,2.35,1.51,2.55,2.79,3.08,1.79,3.55,2.05,3.58,1.14,1.33,3.65,4.23,0.81,1.87,2.5,2.02,2.75,3.09,4.38,3.76,1.15,3.65,3.12,3.09,3.63,3.44,3.16,0.19,2.24,1.97,2.95,2.79,1.64,2.75,1.55,2.15,2.16,4.69,1.26,1.46,1.93
d43,42.036149918633456,-87.7587290136131,3.06,1.44,0.45,3.17,0.2,2.71,1.21,1.8,2.97,0.52,3.01,1.27,2.21,1.97,0.96,1.66,2.17,2.5,0.47,1.36,0.96,0.72,1.58,2.61,1.3,1.51,2.18,0.56,1.94,1.88,1.8,1.04,1.8,1.59,2.06,2.81,0.99,0.88,1.91,3.46,2.63,2.27,0.9,0.0,1.34,3.75,1.55,2.87,0.75,2.81,1.67,2.99,3.5,2.98,0.63,0.76,1.31,0.69,1.45,1.92,1.77,2.45,2.9,0.91,2.9,1.17,2.79,1.1,0.51,3.03,3.47,1.23,2.21,2.22,1.17,1.87,2.57,3.84,3.34,1.54,2.97,2.35,2.2,3.17,2.73,2.64,0.72,1.34,2.35,2.1,2.13,0.76,1.87,0.77,1.46,1.76,4.12,1.11,0.82,1.45
d44,42.024230363588416,-87.77927054842112,4.17,2.53,1.65,4.46,1.27,2.79,2.37,3.01,4.3,1.19,4.17,2.56,3.51,2.94,1.68,2.9,2.81,3.39,1.23,1.67,0.48,0.84,1.7,3.65,1.96,0.7,3.51,1.88,3.04,3.0,2.68,0.64,2.39,0.62,1.29,2.9,1.37,1.06,2.71,4.72,3.78,3.38,0.72,1.34,0.0,4.67,2.31,4.01,0.97,4.06,0.74,4.33,4.59,4.27,1.64,1.21,2.63,1.39,2.65,0.8,3.11,3.51,3.8,2.09,4.19,2.48,4.13,0.83,1.84,4.3,4.8,0.26,1.17,3.21,2.21,3.01,3.77,5.06,4.46,0.48,4.27,3.69,3.47,4.33,4.05,2.91,0.85,2.53,1.26,3.43,3.42,1.92,2.96,2.09,2.76,1.88,5.36,1.97,2.07,1.75
d45,42.02137492860036,-87.68832163785825,1.06,4.29,3.3,2.24,3.66,6.3,2.57,4.1,3.2,3.55,1.25,3.61,3.68,1.78,3.0,2.34,5.41,1.28,3.54,5.03,4.2,4.44,5.29,1.2,4.79,5.15,2.7,3.62,1.87,1.94,4.85,4.71,5.19,5.18,5.76,6.39,4.71,4.63,1.96,1.93,1.45,1.59,3.95,3.75,4.67,0.0,2.36,1.3,3.71,1.81,5.29,3.36,0.82,2.25,4.16,4.5,3.44,3.32,4.03,5.45,2.86,1.35,0.87,3.99,2.16,3.53,2.98,4.82,3.4,2.0,2.97,4.73,5.8,1.54,4.31,4.33,1.67,1.68,1.02,5.08,2.33,2.75,3.91,1.21,2.48,6.12,3.84,4.04,5.92,3.29,2.33,4.01,4.45,3.19,2.69,5.44,1.98,2.73,2.99,5.11
d46,42.02303509694141,-87.73429459451035,1.96,2.61,1.13,2.65,1.4,4.25,0.8,2.71,2.98,1.22,2.02,2.06,2.72,0.7,0.65,1.21,3.59,1.08,1.22,2.9,1.84,2.15,3.13,1.41,2.79,2.81,2.08,1.66,0.95,0.97,3.12,2.39,3.27,2.83,3.43,4.35,2.54,2.38,0.4,2.75,1.67,1.24,1.59,1.55,2.31,2.36,0.0,1.87,1.35,2.11,2.94,3.08,2.35,2.49,2.11,2.29,1.96,0.98,2.46,3.09,1.85,1.29,1.49,2.14,2.38,1.94,2.73,2.52,1.4,2.41,3.24,2.37,3.45,0.96,2.48,2.88,1.76,2.97,2.26,2.72,2.53,2.26,2.85,2.17,2.41,4.15,1.48,2.41,3.56,2.4,1.76,2.08,2.95,1.33,1.39,3.3,3.31,0.44,1.06,2.99
d47,42.03680088667388,-87.70286050637937,0.25,3.1,2.43,1.08,2.82,5.2,1.66,2.85,1.93,2.82,0.15,2.42,2.39,1.17,2.37,1.24,4.22,1.09,2.79,4.01,3.54,3.59,4.27,0.54,3.7,4.36,1.4,2.59,0.98,1.01,3.66,3.89,4.05,4.43,4.92,5.27,3.73,3.72,1.57,0.97,0.24,0.64,3.32,2.87,4.01,1.3,1.87,0.0,3.06,0.54,4.52,2.09,0.68,1.03,3.14,3.56,2.25,2.63,2.82,4.73,1.61,0.61,1.01,2.88,0.91,2.36,1.7,3.96,2.42,0.81,1.83,4.01,5.06,0.94,3.17,3.08,0.38,1.1,0.48,4.34,1.1,1.45,2.62,0.31,1.2,4.97,3.16,2.85,5.18,2.0,1.06,2.93,3.21,2.17,1.55,4.4,1.44,2.07,2.05,4.07
d48,42.02531398987714,-87.76047188251555,3.21,2.19,0.82,3.58,0.58,3.19,1.45,2.55,3.55,0.3,3.21,1.97,2.89,1.98,0.72,1.99,2.84,2.43,0.36,1.87,0.49,0.94,2.02,2.69,1.94,1.47,2.7,1.28,2.08,2.05,2.53,1.09,2.45,1.48,2.1,3.3,1.48,1.23,1.75,3.8,2.83,2.42,0.26,0.75,0.97,3.71,1.35,3.06,0.0,3.14,1.59,3.6,3.63,3.4,1.35,1.23,1.99,0.43,2.2,1.74,2.32,2.54,2.84,1.66,3.3,1.87,3.35,1.26,1.12,3.39,3.99,1.02,2.09,2.25,1.92,2.62,2.84,4.12,3.5,1.37,3.4,2.88,2.91,3.37,3.2,3.2,0.14,2.1,2.21,2.73,2.54,1.52,2.62,1.32,1.91,2.22,4.43,1.01,1.22,1.96
d49,42.044460031709804,-87.70502254624417,0.75,2.79,2.42,0.58,2.81,4.94,1.69,2.48,1.4,2.87,0.56,2.14,1.94,1.45,2.49,1.16,3.91,1.54,2.83,3.83,3.59,3.53,4.09,1.0,3.47,4.33,0.98,2.44,1.16,1.15,3.34,3.85,3.78,4.4,4.85,5.01,3.59,3.62,1.88,0.66,0.55,0.9,3.39,2.81,4.06,1.81,2.11,0.54,3.14,0.0,4.49,1.56,1.08,0.49,2.98,3.44,1.97,2.71,2.5,4.73,1.29,1.0,1.53,2.66,0.38,2.1,1.17,3.89,2.33,0.32,1.31,4.01,5.03,1.28,2.92,2.71,0.36,1.03,0.85,4.34,0.56,0.99,2.18,0.62,0.67,4.68,3.23,2.55,5.16,1.57,0.75,2.74,2.85,2.06,1.38,4.2,1.3,2.2,2.0,3.88
d50,42.030847153658925,-87.79058394290021,4.69,2.49,2.09,4.83,1.69,2.19,2.85,3.02,4.52,1.74,4.67,2.72,3.62,3.52,2.29,3.33,2.46,4.0,1.75,1.34,1.13,0.97,1.25,4.21,1.75,0.17,3.82,2.12,3.56,3.51,2.48,0.64,2.07,0.12,0.55,2.3,1.2,0.97,3.34,5.13,4.28,3.9,1.38,1.67,0.74,5.29,2.94,4.52,1.59,4.49,0.0,4.52,5.13,4.64,1.7,1.18,2.82,1.97,2.69,0.3,3.4,4.06,4.42,2.16,4.57,2.67,4.38,0.65,2.17,4.7,5.08,0.57,0.54,3.79,2.17,2.97,4.24,5.51,4.99,0.26,4.63,3.98,3.54,4.83,4.38,2.38,1.46,2.57,0.68,3.62,3.8,2.0,2.89,2.44,3.13,1.41,5.79,2.56,2.49,1.4
d51,42.06552752790005,-87.715796795449,2.31,2.19,2.78,1.19,3.09,4.24,2.36,1.68,0.16,3.3,2.11,1.81,0.97,2.63,3.17,1.88,3.09,2.94,3.24,3.47,3.94,3.59,3.72,2.47,3.03,4.35,1.01,2.45,2.27,2.21,2.58,3.91,3.13,4.47,4.72,4.28,3.39,3.55,3.03,1.61,2.03,2.21,3.82,2.99,4.33,3.36,3.08,2.09,3.6,1.56,4.52,0.0,2.58,1.12,2.82,3.35,1.71,3.25,1.92,4.81,1.3,2.41,3.04,2.37,1.2,1.86,0.4,3.87,2.51,1.37,0.74,4.19,5.03,2.59,2.46,1.86,1.79,2.1,2.36,4.45,1.04,0.83,1.15,2.15,0.89,3.9,3.64,2.02,5.17,0.9,1.36,2.52,2.0,2.28,1.76,3.76,2.13,2.96,2.41,3.49
d52,42.033146197350355,-87.69054100010538,0.45,3.78,3.06,1.43,3.45,5.88,2.29,3.51,2.42,3.41,0.56,3.1,3.01,1.66,2.92,1.91,4.9,1.36,3.39,4.68,4.12,4.22,4.94,0.94,4.38,4.98,2.04,3.25,1.58,1.63,4.33,4.52,4.73,5.04,5.56,5.95,4.4,4.37,1.99,1.11,0.9,1.24,3.88,3.5,4.59,0.82,2.35,0.68,3.63,1.08,5.13,2.58,0.0,1.46,3.81,4.21,2.93,3.21,3.5,5.33,2.28,1.09,1.07,3.56,1.38,3.04,2.22,4.6,3.08,1.21,2.16,4.61,5.67,1.39,3.85,3.75,1.06,0.9,0.23,4.95,1.54,2.06,3.25,0.46,1.73,5.65,3.74,3.53,5.79,2.64,1.73,3.61,3.88,2.84,2.23,5.07,1.23,2.62,2.69,4.75
d53,42.05160479127638,-87.70454639248787,1.22,2.71,2.63,0.19,3.0,4.87,1.96,2.31,0.96,3.11,1.02,2.11,1.69,1.88,2.8,1.41,3.78,2.02,3.07,3.85,3.83,3.67,4.12,1.49,3.46,4.47,0.87,2.54,1.55,1.53,3.22,4.0,3.7,4.56,4.95,4.92,3.65,3.73,2.31,0.59,1.04,1.35,3.65,2.98,4.27,2.25,2.49,1.03,3.4,0.49,4.64,1.12,1.46,0.0,3.04,3.54,1.95,2.98,2.41,4.9,1.27,1.48,2.03,2.67,0.12,2.1,0.77,4.02,2.47,0.25,0.82,4.2,5.17,1.74,2.88,2.54,0.83,1.09,1.24,4.51,0.08,0.78,1.93,1.03,0.34,4.58,3.47,2.48,5.31,1.37,0.86,2.78,2.69,2.21,1.52,4.2,1.24,2.53,2.2,3.89
d54,42.044725096542344,-87.76315342877893,3.36,0.9,0.98,3.23,0.83,2.17,1.6,1.37,2.83,1.15,3.28,1.02,1.92,2.41,1.57,1.9,1.54,2.97,1.1,0.87,1.4,0.81,1.13,2.98,0.68,1.53,2.18,0.55,2.3,2.23,1.18,1.11,1.18,1.66,1.93,2.26,0.61,0.73,2.43,3.58,2.91,2.6,1.43,0.63,1.64,4.16,2.11,3.14,1.35,2.98,1.7,2.82,3.81,3.04,0.0,0.53,1.14,1.33,1.02,1.99,1.77,2.82,3.35,0.46,2.99,0.98,2.7,1.05,0.77,3.14,3.4,1.44,2.21,2.64,0.59,1.37,2.8,4.01,3.62,1.66,3.02,2.33,1.85,3.43,2.75,2.05,1.28,0.9,2.35,1.93,2.24,0.3,1.34,0.98,1.61,1.27,4.25,1.67,1.17,0.95
d55,42.04086680152467,-87.77201030673618,3.76,1.35,1.21,3.73,0.9,1.99,1.94,1.86,3.35,1.14,3.7,1.54,2.44,2.72,1.68,2.33,1.67,3.26,1.12,0.65,1.09,0.38,0.84,3.34,0.78,1.01,2.69,1.0,2.66,2.6,1.47,0.61,1.26,1.14,1.42,2.1,0.26,0.2,2.66,4.06,3.32,2.99,1.21,0.76,1.21,4.5,2.29,3.56,1.23,3.44,1.18,3.35,4.21,3.54,0.53,0.0,1.66,1.37,1.52,1.47,2.28,3.18,3.66,0.98,3.48,1.5,3.22,0.52,1.14,3.62,3.92,0.98,1.68,2.96,1.02,1.83,3.24,4.48,4.04,1.15,3.52,2.84,2.36,3.86,3.26,1.97,1.12,1.4,1.83,2.45,2.72,0.83,1.77,1.39,2.06,1.02,4.73,1.86,1.52,0.74
d56,42.05077287326297,-87.74250274254972,2.49,0.85,1.2,2.13,1.43,2.97,1.18,0.76,1.7,1.69,2.37,0.17,0.91,1.91,1.75,1.12,1.98,2.43,1.63,1.9,2.27,1.88,2.17,2.25,1.51,2.65,1.07,0.75,1.65,1.56,1.41,2.2,1.81,2.77,3.06,3.04,1.74,1.86,2.12,2.51,2.04,1.86,2.18,1.31,2.63,3.44,1.96,2.25,1.99,1.97,2.82,1.71,2.93,1.95,1.14,1.66,0.0,1.71,0.59,3.11,0.69,2.11,2.74,0.72,1.91,0.16,1.56,2.17,0.86,2.08,2.26,2.49,3.34,2.04,0.95,0.95,1.87,2.97,2.72,2.75,1.91,1.2,0.95,2.51,1.64,2.73,2.0,0.6,3.48,0.8,1.23,0.85,1.05,0.71,0.76,2.26,3.18,1.64,0.95,1.95
d57,42.02722835816408,-87.75251402540295,2.78,2.06,0.51,3.16,0.5,3.36,1.02,2.34,3.19,0.25,2.78,1.73,2.6,1.56,0.33,1.58,2.86,2.04,0.26,2.01,0.91,1.18,2.21,2.27,1.99,1.84,2.31,1.08,1.65,1.62,2.48,1.41,2.49,1.86,2.45,3.47,1.63,1.43,1.37,3.38,2.4,1.99,0.69,0.69,1.39,3.32,0.98,2.63,0.43,2.71,1.97,3.25,3.21,2.98,1.33,1.37,1.71,0.0,2.02,2.14,1.95,2.12,2.45,1.53,2.88,1.61,2.97,1.55,0.86,2.97,3.6,1.42,2.49,1.83,1.83,2.45,2.41,3.69,3.08,1.76,2.99,2.5,2.65,2.95,2.8,3.32,0.54,1.92,2.6,2.4,2.13,1.41,2.48,1.0,1.52,2.39,4.0,0.59,0.84,2.11
d58,42.056417699123415,-87.7511208874048,3.06,0.3,1.52,2.59,1.63,2.45,1.72,0.36,1.96,1.93,2.94,0.43,0.96,2.48,2.14,1.71,1.41,3.01,1.88,1.55,2.37,1.83,1.81,2.84,1.11,2.52,1.55,0.94,2.24,2.15,0.84,2.12,1.29,2.65,2.82,2.51,1.5,1.72,2.67,2.99,2.62,2.45,2.35,1.45,2.65,4.03,2.46,2.82,2.2,2.5,2.69,1.92,3.5,2.41,1.02,1.52,0.59,2.02,0.0,2.99,1.22,2.7,3.33,0.57,2.39,0.54,1.88,2.04,1.17,2.57,2.57,2.46,3.16,2.63,0.54,0.43,2.44,3.48,3.28,2.66,2.37,1.63,0.85,3.07,2.08,2.18,2.18,0.12,3.31,1.09,1.78,0.74,0.49,1.14,1.35,1.85,3.66,2.1,1.41,1.57
d59,42.027371051324444,-87.79424031974747,4.9,2.8,2.31,5.09,1.92,2.4,3.07,3.32,4.81,1.92,4.88,3.01,3.92,3.7,2.45,3.57,2.75,4.17,1.95,1.64,1.25,1.23,1.54,4.4,2.06,0.47,4.09,2.39,3.76,3.72,2.78,0.91,2.36,0.34,0.64,2.51,1.5,1.27,3.49,5.37,4.5,4.11,1.51,1.92,0.8,5.45,3.09,4.73,1.74,4.73,0.3,4.81,5.33,4.9,1.99,1.47,3.11,2.14,2.99,0.0,3.67,4.25,4.58,2.46,4.82,2.95,4.66,0.95,2.42,4.95,5.35,0.73,0.37,3.97,2.47,3.27,4.46,5.75,5.19,0.39,4.89,4.25,3.84,5.05,4.64,2.62,1.61,2.87,0.47,3.91,4.05,2.3,3.19,2.69,3.38,1.68,6.03,2.73,2.72,1.69
d60,42.04949313971532,-87.72917074311009,1.86,1.51,1.5,1.46,1.84,3.65,1.08,1.25,1.24,2.02,1.72,0.86,0.93,1.55,1.87,0.7,2.63,2.0,1.96,2.58,2.69,2.44,2.85,1.7,2.2,3.23,0.42,1.29,1.22,1.14,2.06,2.77,2.49,3.33,3.69,3.72,2.38,2.47,1.88,1.82,1.42,1.33,2.55,1.77,3.11,2.86,1.85,1.61,2.32,1.29,3.4,1.3,2.28,1.27,1.77,2.28,0.69,1.95,1.22,3.67,0.0,1.58,2.25,1.4,1.22,0.83,1.03,2.77,1.27,1.39,1.7,3.0,3.93,1.61,1.63,1.47,1.23,2.28,2.06,3.3,1.25,0.58,1.11,1.84,0.98,3.4,2.36,1.27,4.07,0.57,0.56,1.5,1.61,1.01,0.47,2.94,2.5,1.67,1.11,2.63
d61,42.03075398682778,-87.71148193837443,0.68,2.95,2.0,1.59,2.38,4.95,1.24,2.8,2.27,2.33,0.74,2.27,2.48,0.58,1.83,0.99,4.06,0.54,2.31,3.69,3.03,3.16,3.95,0.16,3.44,3.91,1.53,2.27,0.52,0.59,3.51,3.45,3.84,3.96,4.49,5.04,3.38,3.33,0.96,1.56,0.46,0.25,2.79,2.45,3.51,1.35,1.29,0.61,2.54,1.0,4.06,2.41,1.09,1.48,2.82,3.18,2.11,2.12,2.7,4.25,1.58,0.0,0.67,2.64,1.36,2.18,2.02,3.54,2.06,1.32,2.3,3.52,4.59,0.33,2.96,3.02,0.66,1.7,0.98,3.87,1.54,1.65,2.68,0.89,1.55,4.77,2.66,2.7,4.71,2.09,1.13,2.66,3.14,1.85,1.35,4.09,2.05,1.54,1.66,3.77
d62,42.02224878306731,-87.70528552896826,0.9,3.57,2.45,2.09,2.8,5.51,1.75,3.45,2.89,2.68,1.07,2.9,3.14,0.94,2.13,1.63,4.67,0.41,2.67,4.21,3.33,3.58,4.46,0.57,4.0,4.28,2.19,2.82,1.1,1.18,4.13,3.84,4.42,4.31,4.89,5.6,3.88,3.78,1.09,1.94,1.01,0.92,3.08,2.9,3.8,0.87,1.49,1.01,2.84,1.53,4.42,3.04,1.07,2.03,3.35,3.66,2.74,2.45,3.33,4.58,2.25,0.67,0.0,3.22,1.91,2.81,2.64,3.96,2.58,1.82,2.84,3.86,4.93,0.72,3.55,3.67,1.25,1.92,1.1,4.2,2.1,2.3,3.35,1.16,2.16,5.35,2.97,3.32,5.04,2.75,1.79,3.22,3.79,2.4,1.98,4.62,2.27,1.86,2.18,4.29
d63,42.04922544086976,-87.75646367272483,3.11,0.53,1.07,2.85,1.09,2.32,1.49,0.92,2.38,1.41,3.01,0.58,1.46,2.31,1.7,1.67,1.47,2.86,1.36,1.18,1.81,1.27,1.45,2.79,0.82,1.99,1.8,0.48,2.13,2.05,0.98,1.57,1.2,2.12,2.36,2.4,1.02,1.19,2.41,3.22,2.66,2.4,1.79,0.91,2.09,3.99,2.14,2.88,1.66,2.66,2.16,2.37,3.56,2.67,0.46,0.98,0.72,1.53,0.57,2.46,1.4,2.64,3.22,0.0,2.62,0.57,2.27,1.51,0.75,2.79,2.97,1.9,2.66,2.5,0.34,0.96,2.52,3.68,3.36,2.12,2.64,1.92,1.39,3.16,2.36,2.13,1.63,0.45,2.8,1.48,1.91,0.17,0.96,0.84,1.33,1.55,3.9,1.73,1.1,1.23
d64,42.04990614992278,-87.70533695288678,1.11,2.69,2.54,0.28,2.92,4.84,1.86,2.31,1.04,3.02,0.92,2.07,1.71,1.76,2.7,1.31,3.77,1.9,2.97,3.8,3.73,3.6,4.07,1.37,3.42,4.4,0.84,2.47,1.43,1.41,3.21,3.93,3.68,4.49,4.89,4.9,3.6,3.66,2.19,0.61,0.92,1.22,3.55,2.9,4.19,2.16,2.38,0.91,3.3,0.38,4.57,1.2,1.38,0.12,2.99,3.48,1.91,2.88,2.39,4.82,1.22,1.36,1.91,2.62,0.0,2.05,0.84,3.95,2.4,0.19,0.94,4.12,5.1,1.62,2.85,2.54,0.7,1.09,1.16,4.43,0.19,0.78,1.95,0.94,0.36,4.57,3.38,2.45,5.24,1.37,0.77,2.72,2.69,2.13,1.44,4.16,1.28,2.42,2.11,3.85
d65,42.049903450740814,-87.74535697994271,2.6,0.76,1.1,2.28,1.3,2.85,1.18,0.78,1.85,1.57,2.49,0.12,1.04,1.95,1.67,1.19,1.88,2.48,1.52,1.75,2.13,1.73,2.02,2.33,1.37,2.49,1.23,0.61,1.71,1.62,1.33,2.05,1.69,2.61,2.91,2.92,1.58,1.7,2.13,2.66,2.15,1.94,2.05,1.17,2.48,3.53,1.94,2.36,1.87,2.1,2.67,1.86,3.04,2.1,0.98,1.5,0.16,1.61,0.54,2.95,0.83,2.18,2.81,0.57,2.05,0.0,1.72,2.02,0.75,2.22,2.42,2.34,3.18,2.1,0.82,0.94,1.99,3.11,2.83,2.59,2.07,1.35,1.05,2.62,1.79,2.61,1.87,0.52,3.33,0.96,1.36,0.69,1.02,0.64,0.84,2.11,3.33,1.6,0.9,1.8
d66,42.059849095731835,-87.71465545915086,1.93,2.17,2.53,0.87,2.87,4.3,2.04,1.71,0.25,3.05,1.73,1.69,1.02,2.25,2.87,1.53,3.17,2.54,2.99,3.41,3.72,3.43,3.68,2.07,2.99,4.21,0.67,2.27,1.9,1.84,2.63,3.75,3.15,4.32,4.62,4.34,3.29,3.42,2.66,1.31,1.64,1.81,3.58,2.79,4.13,2.98,2.73,1.7,3.35,1.17,4.38,0.4,2.22,0.77,2.7,3.22,1.56,2.97,1.88,4.66,1.03,2.02,2.64,2.27,0.84,1.72,0.0,3.73,2.29,1.02,0.7,4.01,4.9,2.2,2.41,1.91,1.4,1.81,1.99,4.29,0.69,0.48,1.24,1.78,0.5,3.98,3.4,1.98,5.04,0.8,0.99,2.4,2.06,2.04,1.46,3.74,1.9,2.64,2.14,3.45
d67,42.036275553929336,-87.78011546079385,4.15,1.86,1.54,4.21,1.16,2.01,2.31,2.38,3.87,1.3,4.11,2.06,2.97,3.04,1.87,2.75,1.98,3.55,1.3,0.84,0.93,0.38,0.87,3.7,1.17,0.48,3.18,1.48,3.03,2.97,1.9,0.2,1.57,0.62,0.96,2.12,0.58,0.32,2.91,4.52,3.73,3.36,1.14,1.1,0.83,4.82,2.52,3.96,1.26,3.89,0.65,3.87,4.6,4.02,1.05,0.52,2.17,1.55,2.04,0.95,2.77,3.54,3.96,1.51,3.95,2.02,3.73,0.0,1.56,4.09,4.43,0.57,1.17,3.29,1.53,2.33,3.66,4.92,4.44,0.64,4.0,3.34,2.89,4.27,3.75,2.09,1.13,1.92,1.31,2.97,3.18,1.35,2.26,1.83,2.52,1.07,5.19,2.11,1.92,0.92
d68,42.03957219605409,-87.74993285855489,2.63,1.25,0.36,2.66,0.58,2.93,0.83,1.48,2.47,0.83,2.57,0.87,1.77,1.65,0.98,1.19,2.2,2.2,0.77,1.63,1.44,1.21,1.89,2.22,1.42,2.0,1.68,0.27,1.54,1.48,1.73,1.53,1.89,2.09,2.52,3.02,1.32,1.3,1.69,2.96,2.19,1.86,1.33,0.51,1.84,3.4,1.4,2.42,1.12,2.33,2.17,2.51,3.08,2.47,0.77,1.14,0.86,0.86,1.17,2.42,1.27,2.06,2.58,0.75,2.4,0.75,2.29,1.56,0.0,2.53,2.96,1.74,2.71,1.87,1.08,1.6,2.1,3.36,2.9,2.04,2.46,1.85,1.8,2.72,2.22,2.79,1.14,1.08,2.85,1.62,1.63,0.68,1.64,0.27,0.96,2.04,3.63,0.98,0.41,1.71
d69,42.04848280389001,-87.70210077565036,0.98,2.87,2.65,0.27,3.04,5.03,1.95,2.5,1.21,3.12,0.78,2.25,1.9,1.76,2.77,1.4,3.96,1.85,3.08,3.97,3.84,3.73,4.23,1.31,3.59,4.53,1.02,2.62,1.46,1.45,3.39,4.06,3.86,4.62,5.04,5.09,3.75,3.81,2.19,0.44,0.86,1.21,3.65,3.03,4.3,2.0,2.41,0.81,3.39,0.32,4.7,1.37,1.21,0.25,3.14,3.62,2.08,2.97,2.57,4.95,1.39,1.32,1.82,2.79,0.19,2.22,1.02,4.09,2.53,0.0,1.02,4.24,5.24,1.6,3.02,2.73,0.68,0.9,0.99,4.56,0.33,0.97,2.14,0.79,0.55,4.75,3.48,2.63,5.37,1.56,0.91,2.89,2.87,2.26,1.57,4.33,1.11,2.48,2.23,4.02
d70,42.06325592725326,-87.70175581422733,1.99,2.86,3.19,0.75,3.53,4.96,2.62,2.37,0.64,3.7,1.8,2.39,1.66,2.67,3.47,2.07,3.81,2.84,3.64,4.11,4.38,4.12,4.37,2.31,3.68,4.9,1.3,2.96,2.33,2.29,3.29,4.45,3.82,5.01,5.32,5.0,3.99,4.12,3.09,1.07,1.86,2.15,4.23,3.47,4.8,2.97,3.24,1.83,3.99,1.31,5.08,0.74,2.16,0.82,3.4,3.92,2.26,3.6,2.57,5.35,1.7,2.3,2.84,2.97,0.94,2.42,0.7,4.43,2.96,1.02,0.0,4.7,5.6,2.55,3.1,2.57,1.64,1.49,1.95,4.98,0.76,1.12,1.87,1.78,0.83,4.63,4.05,2.67,5.74,1.49,1.5,3.11,2.71,2.71,2.08,4.43,1.45,3.21,2.78,4.14
d71,42.02800124565064,-87.7800769864808,4.17,2.32,1.59,4.39,1.21,2.53,2.35,2.81,4.18,1.19,4.16,2.41,3.34,2.98,1.73,2.85,2.55,3.45,1.22,1.41,0.55,0.63,1.43,3.67,1.72,0.48,3.42,1.75,3.04,2.99,2.44,0.39,2.14,0.46,1.11,2.64,1.12,0.81,2.77,4.67,3.77,3.38,0.81,1.23,0.26,4.73,2.37,4.01,1.02,4.01,0.57,4.19,4.61,4.2,1.44,0.98,2.49,1.42,2.46,0.73,3.0,3.52,3.86,1.9,4.12,2.34,4.01,0.57,1.74,4.24,4.7,0.0,1.07,3.24,2.0,2.8,3.74,5.03,4.47,0.35,4.2,3.58,3.29,4.32,3.96,2.65,0.89,2.34,1.19,3.29,3.35,1.73,2.75,2.0,2.68,1.62,5.32,2.01,2.01,1.49
d72,42.02943065663661,-87.80091639286688,5.23,2.95,2.62,5.37,2.23,2.25,3.39,3.48,5.03,2.26,5.21,3.22,4.11,4.05,2.8,3.87,2.75,4.52,2.28,1.71,1.61,1.5,1.56,4.74,2.16,0.7,4.35,2.65,4.09,4.05,2.86,1.18,2.4,0.63,0.46,2.36,1.66,1.48,3.85,5.67,4.82,4.43,1.87,2.21,1.17,5.8,3.45,5.06,2.09,5.03,0.54,5.03,5.67,5.17,2.21,1.68,3.34,2.49,3.16,0.37,3.93,4.59,4.93,2.66,5.1,3.18,4.9,1.17,2.71,5.24,5.6,1.07,0.0,4.31,2.63,3.41,4.78,6.05,5.52,0.73,5.16,4.5,4.01,5.37,4.91,2.52,1.97,3.04,0.15,4.13,4.33,2.51,3.32,2.97,3.66,1.66,6.33,3.08,3.03,1.75
d73,42.028106773729206,-87.71685815253234,1.01,2.86,1.76,1.86,2.13,4.79,1.04,2.77,2.45,2.05,1.07,2.2,2.53,0.27,1.53,0.94,3.96,0.39,2.03,3.5,2.74,2.91,3.75,0.45,3.28,3.64,1.64,2.1,0.4,0.48,3.42,3.19,3.7,3.68,4.24,4.88,3.18,3.09,0.63,1.87,0.77,0.39,2.5,2.22,3.21,1.54,0.96,0.94,2.25,1.28,3.79,2.59,1.39,1.74,2.64,2.96,2.04,1.83,2.63,3.97,1.61,0.33,0.72,2.5,1.62,2.1,2.2,3.29,1.87,1.6,2.55,3.24,4.31,0.0,2.83,2.99,0.92,2.03,1.3,3.59,1.8,1.78,2.72,1.22,1.76,4.63,2.36,2.62,4.43,2.15,1.24,2.5,3.09,1.68,1.29,3.91,2.38,1.24,1.46,3.58
d74,42.05306439606818,-87.76067408077122,3.4,0.33,1.4,3.06,1.37,2.03,1.83,0.85,2.49,1.69,3.3,0.78,1.5,2.65,2.03,1.98,1.13,3.2,1.64,1.01,1.99,1.37,1.27,3.11,0.58,2.0,2.01,0.81,2.46,2.38,0.65,1.63,0.88,2.14,2.28,2.1,0.97,1.21,2.75,3.45,2.95,2.72,2.02,1.17,2.21,4.31,2.48,3.17,1.92,2.92,2.17,2.46,3.85,2.88,0.59,1.02,0.95,1.83,0.54,2.47,1.63,2.96,3.55,0.34,2.85,0.82,2.41,1.53,1.08,3.02,3.1,2.0,2.63,2.83,0.0,0.81,2.8,3.92,3.65,2.17,2.84,2.11,1.38,3.44,2.56,1.81,1.86,0.43,2.78,1.61,2.17,0.42,0.76,1.18,1.63,1.33,4.12,2.06,1.44,1.04
d75,42.06268113537953,-87.75178919159688,3.33,0.48,1.96,2.7,2.04,2.39,2.12,0.23,1.93,2.36,3.18,0.82,0.9,2.86,2.57,2.05,1.25,3.38,2.3,1.73,2.76,2.17,1.95,3.16,1.27,2.8,1.73,1.37,2.59,2.5,0.72,2.44,1.27,2.94,3.04,2.43,1.77,2.02,3.07,3.13,2.89,2.77,2.75,1.87,3.01,4.33,2.88,3.08,2.62,2.71,2.97,1.86,3.75,2.54,1.37,1.83,0.95,2.45,0.43,3.27,1.47,3.02,3.67,0.96,2.54,0.94,1.91,2.33,1.6,2.73,2.57,2.8,3.41,2.99,0.81,0.0,2.7,3.63,3.52,2.97,2.48,1.77,0.7,3.3,2.2,2.07,2.59,0.53,3.55,1.17,2.02,1.12,0.15,1.56,1.7,1.96,3.77,2.52,1.83,1.72
d76,42.040096426196456,-87.70891252873133,0.63,2.72,2.15,0.94,2.55,4.83,1.4,2.46,1.64,2.58,0.5,2.05,2.01,1.09,2.17,0.91,3.84,1.2,2.54,3.66,3.3,3.29,3.93,0.68,3.34,4.08,1.03,2.25,0.81,0.81,3.28,3.61,3.68,4.15,4.62,4.9,3.4,3.41,1.52,1.0,0.24,0.54,3.09,2.57,3.77,1.67,1.76,0.38,2.84,0.36,4.24,1.79,1.06,0.83,2.8,3.24,1.87,2.41,2.44,4.46,1.23,0.66,1.25,2.52,0.7,1.99,1.4,3.66,2.1,0.68,1.64,3.74,4.78,0.92,2.8,2.7,0.0,1.29,0.84,4.08,0.89,1.09,2.24,0.64,0.91,4.6,2.93,2.47,4.91,1.62,0.68,2.58,2.83,1.85,1.2,4.05,1.59,1.88,1.75,3.72
d77,42.04557124297605,-87.68495307208843,1.06,3.77,3.43,0.95,3.83,5.93,2.69,3.4,1.94,3.87,0.96,3.14,2.78,2.27,3.44,2.18,4.86,2.13,3.83,4.85,4.59,4.56,5.12,1.61,4.49,5.35,1.92,3.48,2.06,2.08,4.29,4.88,4.76,5.43,5.88,5.99,4.62,4.65,2.67,0.5,1.31,1.73,4.38,3.84,5.06,1.68,2.97,1.1,4.12,1.03,5.51,2.1,0.9,1.09,4.01,4.48,2.97,3.69,3.48,5.75,2.28,1.7,1.92,3.68,1.09,3.11,1.81,4.92,3.36,0.9,1.49,5.03,6.05,2.03,3.92,3.63,1.29,0.0,0.82,5.36,1.15,1.86,3.02,0.82,1.42,5.65,4.22,3.53,6.19,2.45,1.77,3.77,3.77,3.09,2.41,5.22,0.35,3.15,3.02,4.9
d78,42.03561349719403,-87.69360168211753,0.3,3.56,2.9,1.22,3.29,5.68,2.13,3.29,2.2,3.28,0.35,2.89,2.78,1.56,2.8,1.72,4.69,1.33,3.25,4.49,3.99,4.06,4.76,0.85,4.18,4.83,1.81,3.07,1.43,1.47,4.12,4.36,4.52,4.89,5.4,5.75,4.22,4.2,1.92,0.92,0.72,1.09,3.76,3.34,4.46,1.02,2.26,0.48,3.5,0.85,4.99,2.36,0.23,1.24,3.62,4.04,2.72,3.08,3.28,5.19,2.06,0.98,1.1,3.36,1.16,2.83,1.99,4.44,2.9,0.99,1.95,4.47,5.52,1.3,3.65,3.52,0.84,0.82,0.0,4.81,1.32,1.83,3.02,0.22,1.5,5.44,3.61,3.31,5.65,2.41,1.51,3.42,3.66,2.65,2.03,4.88,1.16,2.5,2.52,4.56
d79,42.02838685652185,-87.78679083131456,4.51,2.5,1.92,4.7,1.53,2.4,2.68,3.01,4.44,1.54,4.5,2.65,3.58,3.32,2.07,3.18,2.57,3.79,1.56,1.43,0.89,0.87,1.39,4.02,1.81,0.26,3.71,2.02,3.38,3.33,2.54,0.55,2.17,0.15,0.81,2.51,1.22,0.95,3.12,4.99,4.11,3.72,1.15,1.54,0.48,5.08,2.72,4.34,1.37,4.34,0.26,4.45,4.95,4.51,1.66,1.15,2.75,1.76,2.66,0.39,3.3,3.87,4.2,2.12,4.43,2.59,4.29,0.64,2.04,4.56,4.98,0.35,0.73,3.59,2.17,2.97,4.08,5.36,4.81,0.0,4.5,3.87,3.51,4.66,4.26,2.56,1.24,2.54,0.85,3.55,3.66,1.95,2.91,2.31,2.99,1.56,5.64,2.35,2.34,1.5
d80,42.052632082891144,-87.70525742444654,1.29,2.66,2.63,0.22,3.0,4.82,1.98,2.26,0.88,3.12,1.1,2.07,1.63,1.93,2.82,1.42,3.73,2.08,3.07,3.81,3.83,3.66,4.08,1.56,3.42,4.46,0.84,2.52,1.59,1.56,3.17,3.99,3.66,4.55,4.93,4.88,3.63,3.71,2.35,0.65,1.1,1.4,3.65,2.97,4.27,2.33,2.53,1.1,3.4,0.56,4.63,1.04,1.54,0.08,3.02,3.52,1.91,2.99,2.37,4.89,1.25,1.54,2.1,2.64,0.19,2.07,0.69,4.0,2.46,0.33,0.76,4.2,5.16,1.8,2.84,2.48,0.89,1.15,1.32,4.5,0.0,0.73,1.87,1.11,0.28,4.53,3.48,2.44,5.3,1.31,0.86,2.75,2.63,2.2,1.52,4.17,1.29,2.55,2.2,3.86
d81,42.053843182773214,-87.7194904910913,1.7,1.93,2.07,0.96,2.42,4.09,1.56,1.54,0.72,2.58,1.52,1.35,0.96,1.81,2.39,1.05,3.0,2.15,2.53,3.1,3.27,3.02,3.36,1.73,2.69,3.81,0.19,1.86,1.45,1.39,2.44,3.34,2.92,3.91,4.25,4.14,2.93,3.04,2.2,1.37,1.33,1.42,3.12,2.35,3.69,2.75,2.26,1.45,2.88,0.99,3.98,0.83,2.06,0.78,2.33,2.84,1.2,2.5,1.63,4.25,0.58,1.65,2.3,1.92,0.78,1.35,0.48,3.34,1.85,0.97,1.12,3.58,4.5,1.78,2.11,1.77,1.09,1.86,1.83,3.87,0.73,0.0,1.19,1.61,0.45,3.8,2.93,1.7,4.65,0.6,0.54,2.04,1.91,1.59,0.98,3.44,2.03,2.16,1.66,3.14
d82,42.064130241212965,-87.73819143477833,2.86,1.08,2.14,2.07,2.35,3.09,2.05,0.54,1.23,2.62,2.7,0.94,0.24,2.65,2.69,1.79,1.94,3.11,2.56,2.38,3.15,2.66,2.62,2.79,1.92,3.37,1.21,1.64,2.33,2.25,1.43,2.96,1.98,3.5,3.67,3.13,2.35,2.56,2.94,2.51,2.46,2.43,3.09,2.2,3.47,3.91,2.85,2.62,2.91,2.18,3.54,1.15,3.25,1.93,1.85,2.36,0.95,2.65,0.85,3.84,1.11,2.68,3.35,1.39,1.95,1.05,1.24,2.89,1.8,2.14,1.87,3.29,4.01,2.72,1.38,0.7,2.24,3.02,3.02,3.51,1.87,1.19,0.0,2.79,1.6,2.76,2.91,0.97,4.16,0.62,1.58,1.56,0.85,1.66,1.49,2.64,3.13,2.57,1.89,2.39
d83,42.037763446551,-87.69687152444632,0.26,3.35,2.75,1.03,3.14,5.47,1.98,3.07,1.99,3.14,0.16,2.68,2.56,1.47,2.68,1.53,4.47,1.32,3.11,4.3,3.85,3.9,4.56,0.79,3.98,4.68,1.59,2.88,1.3,1.33,3.9,4.2,4.31,4.74,5.23,5.54,4.03,4.02,1.85,0.79,0.55,0.96,3.63,3.17,4.33,1.21,2.17,0.31,3.37,0.62,4.83,2.15,0.46,1.03,3.43,3.86,2.51,2.95,3.07,5.05,1.84,0.89,1.16,3.16,0.94,2.62,1.78,4.27,2.72,0.79,1.78,4.32,5.37,1.22,3.44,3.3,0.64,0.82,0.22,4.66,1.11,1.61,2.79,0.0,1.28,5.23,3.48,3.1,5.5,2.18,1.29,3.22,3.44,2.47,1.83,4.69,1.16,2.38,2.35,4.36
d84,42.05323755132071,-87.71073797777542,1.43,2.38,2.41,0.5,2.77,4.54,1.8,1.98,0.73,2.91,1.23,1.79,1.36,1.86,2.65,1.25,3.45,2.09,2.86,3.54,3.61,3.41,3.81,1.6,3.14,4.21,0.57,2.26,1.51,1.46,2.88,3.74,3.37,4.31,4.67,4.59,3.36,3.45,2.28,0.93,1.15,1.37,3.44,2.73,4.05,2.48,2.41,1.2,3.2,0.67,4.38,0.89,1.73,0.34,2.75,3.26,1.64,2.8,2.08,4.64,0.98,1.55,2.16,2.36,0.36,1.79,0.5,3.75,2.22,0.55,0.83,3.96,4.91,1.76,2.56,2.2,0.91,1.42,1.5,4.26,0.28,0.45,1.6,1.28,0.0,4.25,3.26,2.15,5.05,1.03,0.67,2.48,2.35,1.96,1.29,3.89,1.58,2.38,1.99,3.58
d85,42.06527699219188,-87.79192489541606,5.21,1.89,3.02,4.75,2.81,0.4,3.6,2.28,3.99,3.1,5.1,2.55,2.97,4.43,3.59,3.79,0.81,4.98,3.07,1.33,2.99,2.29,1.22,4.92,1.37,2.3,3.73,2.54,4.26,4.18,1.36,2.3,0.93,2.44,2.05,0.39,1.72,1.99,4.47,5.17,4.76,4.53,3.16,2.64,2.91,6.12,4.15,4.97,3.2,4.68,2.38,3.9,5.65,4.58,2.05,1.97,2.73,3.32,2.18,2.62,3.4,4.77,5.35,2.13,4.57,2.61,3.98,2.09,2.79,4.75,4.63,2.65,2.52,4.63,1.81,2.07,4.6,5.65,5.44,2.56,4.53,3.8,2.76,5.23,4.25,0.0,3.09,2.13,2.62,3.22,3.95,2.13,1.92,2.95,3.44,1.03,5.82,3.72,3.19,1.23
d86,42.0261548668026,-87.76286729098125,3.32,2.15,0.86,3.65,0.57,3.07,1.53,2.52,3.59,0.36,3.32,1.97,2.9,2.1,0.84,2.08,2.75,2.55,0.4,1.76,0.37,0.81,1.9,2.8,1.85,1.34,2.75,1.27,2.18,2.15,2.46,0.96,2.35,1.35,1.97,3.18,1.37,1.11,1.88,3.89,2.93,2.53,0.19,0.72,0.85,3.84,1.48,3.16,0.14,3.23,1.46,3.64,3.74,3.47,1.28,1.12,2.0,0.54,2.18,1.61,2.36,2.66,2.97,1.63,3.38,1.87,3.4,1.13,1.14,3.48,4.05,0.89,1.97,2.36,1.86,2.59,2.93,4.22,3.61,1.24,3.48,2.93,2.91,3.48,3.26,3.09,0.0,2.07,2.08,2.76,2.61,1.47,2.58,1.36,1.97,2.1,4.52,1.12,1.28,1.85
d87,42.055093783222034,-87.75266756371177,3.09,0.25,1.44,2.66,1.52,2.39,1.68,0.47,2.06,1.83,2.97,0.43,1.07,2.46,2.06,1.71,1.38,3.0,1.77,1.45,2.25,1.71,1.7,2.84,1.01,2.4,1.61,0.84,2.23,2.14,0.81,2.0,1.23,2.53,2.71,2.46,1.39,1.6,2.63,3.06,2.64,2.45,2.24,1.34,2.53,4.04,2.41,2.85,2.1,2.55,2.57,2.02,3.53,2.48,0.9,1.4,0.6,1.92,0.12,2.87,1.27,2.7,3.32,0.45,2.45,0.52,1.98,1.92,1.08,2.63,2.67,2.34,3.04,2.62,0.43,0.53,2.47,3.53,3.31,2.54,2.44,1.7,0.97,3.1,2.15,2.13,2.07,0.0,3.19,1.18,1.82,0.62,0.56,1.08,1.35,1.76,3.72,2.03,1.35,1.47
d88,42.0282460390072,-87.80327035131555,5.36,3.09,2.76,5.51,2.36,2.34,3.52,3.63,5.18,2.38,5.33,3.37,4.26,4.17,2.92,4.01,2.88,4.63,2.4,1.85,1.72,1.64,1.69,4.86,2.3,0.84,4.49,2.79,4.22,4.18,3.0,1.32,2.53,0.76,0.58,2.44,1.8,1.62,3.96,5.81,4.95,4.56,1.97,2.35,1.26,5.92,3.56,5.18,2.21,5.16,0.68,5.17,5.79,5.31,2.35,1.83,3.48,2.6,3.31,0.47,4.07,4.71,5.04,2.8,5.24,3.33,5.04,1.31,2.85,5.37,5.74,1.19,0.15,4.43,2.78,3.55,4.91,6.19,5.65,0.85,5.3,4.65,4.16,5.5,5.05,2.62,2.08,3.19,0.0,4.28,4.47,2.65,3.46,3.11,3.8,1.79,6.47,3.2,3.16,1.88
d89,42.05769539017573,-87.72988748660825,2.25,1.39,1.92,1.53,2.2,3.53,1.62,0.95,0.9,2.43,2.08,0.91,0.39,2.11,2.37,1.26,2.42,2.54,2.37,2.62,3.05,2.69,2.88,2.19,2.19,3.45,0.6,1.55,1.77,1.69,1.86,3.01,2.37,3.57,3.84,3.58,2.51,2.66,2.44,1.96,1.85,1.84,2.95,2.1,3.43,3.29,2.4,2.0,2.73,1.57,3.62,0.9,2.64,1.37,1.93,2.45,0.8,2.4,1.09,3.91,0.57,2.09,2.75,1.48,1.37,0.96,0.8,2.97,1.62,1.56,1.49,3.29,4.13,2.15,1.61,1.17,1.62,2.45,2.41,3.55,1.31,0.6,0.62,2.18,1.03,3.22,2.76,1.18,4.28,0.0,0.97,1.63,1.32,1.41,1.02,2.94,2.6,2.19,1.57,2.65
d90,42.04597034619018,-87.71943256520076,1.31,2.06,1.77,1.04,2.15,4.2,1.13,1.79,1.24,2.26,1.16,1.4,1.36,1.27,1.97,0.58,3.18,1.61,2.21,3.08,2.97,2.83,3.35,1.23,2.73,3.63,0.4,1.71,0.91,0.85,2.61,3.16,3.04,3.72,4.13,4.27,2.86,2.9,1.67,1.34,0.88,0.89,2.79,2.13,3.42,2.33,1.76,1.06,2.54,0.75,3.8,1.36,1.73,0.86,2.24,2.72,1.23,2.13,1.78,4.05,0.56,1.13,1.79,1.91,0.77,1.36,0.99,3.18,1.63,0.91,1.5,3.35,4.33,1.24,2.17,2.02,0.68,1.77,1.51,3.66,0.86,0.54,1.58,1.29,0.67,3.95,2.61,1.82,4.47,0.97,0.0,2.0,2.16,1.36,0.67,3.46,2.01,1.71,1.35,3.14
d91,42.04720412003153,-87.75833573376862,3.16,0.67,0.98,2.96,0.95,2.29,1.48,1.09,2.53,1.28,3.07,0.72,1.62,2.3,1.61,1.71,1.52,2.85,1.22,1.08,1.64,1.1,1.35,2.81,0.78,1.83,1.91,0.42,2.15,2.07,1.07,1.41,1.21,1.96,2.22,2.38,0.89,1.03,2.37,3.32,2.71,2.43,1.64,0.76,1.92,4.01,2.08,2.93,1.52,2.74,2.0,2.52,3.61,2.78,0.3,0.83,0.85,1.41,0.74,2.3,1.5,2.66,3.22,0.17,2.72,0.69,2.4,1.35,0.68,2.89,3.11,1.73,2.51,2.5,0.42,1.12,2.58,3.77,3.42,1.95,2.75,2.04,1.56,3.22,2.48,2.13,1.47,0.62,2.65,1.63,2.0,0.0,1.11,0.82,1.38,1.47,4.0,1.65,1.07,1.14
d92,42.06304596298674,-87.75461884753877,3.46,0.44,1.99,2.85,2.05,2.25,2.21,0.37,2.07,2.37,3.32,0.91,1.05,2.96,2.61,2.16,1.11,3.48,2.31,1.62,2.74,2.13,1.84,3.28,1.17,2.73,1.87,1.39,2.7,2.61,0.58,2.38,1.14,2.87,2.94,2.29,1.69,1.96,3.15,3.28,3.02,2.89,2.75,1.87,2.96,4.45,2.95,3.21,2.62,2.85,2.89,2.0,3.88,2.69,1.34,1.77,1.05,2.48,0.49,3.19,1.61,3.14,3.79,0.96,2.69,1.02,2.06,2.26,1.64,2.87,2.71,2.75,3.32,3.09,0.76,0.15,2.83,3.77,3.66,2.91,2.63,1.91,0.85,3.44,2.35,1.92,2.58,0.56,3.46,1.32,2.16,1.11,0.0,1.63,1.81,1.84,3.92,2.58,1.9,1.62
d93,42.040617607262014,-87.74491887438381,2.38,1.28,0.51,2.4,0.83,3.11,0.65,1.41,2.23,1.02,2.32,0.77,1.6,1.47,1.04,0.94,2.31,2.03,0.97,1.85,1.68,1.47,2.11,2.0,1.6,2.27,1.42,0.43,1.33,1.25,1.81,1.8,2.03,2.36,2.78,3.2,1.56,1.56,1.57,2.69,1.94,1.63,1.55,0.77,2.09,3.19,1.33,2.17,1.32,2.06,2.44,2.28,2.84,2.21,0.98,1.39,0.71,1.0,1.14,2.69,1.01,1.85,2.4,0.84,2.13,0.64,2.04,1.83,0.27,2.26,2.71,2.0,2.97,1.68,1.18,1.56,1.85,3.09,2.65,2.31,2.2,1.59,1.66,2.47,1.96,2.95,1.36,1.08,3.11,1.41,1.36,0.82,1.63,0.0,0.69,2.25,3.36,0.96,0.27,1.92
d94,42.0430660287219,-87.73191501007338,1.78,1.6,1.11,1.71,1.48,3.65,0.61,1.48,1.68,1.62,1.69,0.92,1.34,1.18,1.42,0.36,2.72,1.68,1.57,2.46,2.32,2.16,2.73,1.49,2.15,2.96,0.79,1.06,0.89,0.81,2.16,2.49,2.51,3.05,3.47,3.73,2.21,2.24,1.45,2.01,1.33,1.1,2.15,1.46,2.76,2.69,1.39,1.55,1.91,1.38,3.13,1.76,2.23,1.52,1.61,2.06,0.76,1.52,1.35,3.38,0.47,1.35,1.98,1.33,1.44,0.84,1.46,2.52,0.96,1.57,2.08,2.68,3.66,1.29,1.63,1.7,1.2,2.41,2.03,2.99,1.52,0.98,1.49,1.83,1.29,3.44,1.97,1.35,3.8,1.02,0.67,1.38,1.81,0.69,0.0,2.85,2.67,1.2,0.69,2.53
d95,42.05097736734435,-87.78652085900502,4.62,1.57,2.19,4.39,1.91,0.97,2.87,2.1,3.81,2.16,4.54,2.1,2.8,3.68,2.69,3.17,1.09,4.22,2.14,0.4,1.98,1.29,0.2,4.25,0.75,1.3,3.33,1.83,3.57,3.5,1.29,1.27,0.76,1.45,1.21,1.08,0.77,0.99,3.66,4.77,4.17,3.88,2.16,1.76,1.88,5.44,3.3,4.4,2.22,4.2,1.41,3.76,5.07,4.2,1.27,1.02,2.26,2.39,1.85,1.68,2.94,4.09,4.62,1.55,4.16,2.11,3.74,1.07,2.04,4.33,4.43,1.62,1.66,3.91,1.33,1.96,4.05,5.22,4.88,1.56,4.17,3.44,2.64,4.69,3.89,1.03,2.1,1.76,1.79,2.94,3.46,1.47,1.84,2.25,2.85,0.0,5.44,2.86,2.44,0.33
d96,42.04936936323236,-87.68045905783558,1.41,3.95,3.72,1.07,4.11,6.11,2.99,3.55,1.99,4.17,1.3,3.35,2.9,2.61,3.76,2.46,5.02,2.48,4.13,5.08,4.89,4.83,5.35,1.96,4.7,5.63,2.11,3.73,2.38,2.4,4.46,5.15,4.95,5.71,6.14,6.17,4.87,4.91,3.01,0.67,1.64,2.07,4.69,4.12,5.36,1.98,3.31,1.44,4.43,1.3,5.79,2.13,1.23,1.24,4.25,4.73,3.18,4.0,3.66,6.03,2.5,2.05,2.27,3.9,1.28,3.33,1.9,5.19,3.63,1.11,1.45,5.32,6.33,2.38,4.12,3.77,1.59,0.35,1.16,5.64,1.29,2.03,3.13,1.16,1.58,5.82,4.52,3.72,6.47,2.6,2.01,4.0,3.92,3.36,2.67,5.44,0.0,3.47,3.31,5.13
d97,42.027023631535194,-87.74098673866524,2.2,2.22,0.69,2.7,0.97,3.81,0.6,2.37,2.87,0.82,2.22,1.72,2.47,0.97,0.3,1.14,3.17,1.45,0.81,2.46,1.5,1.73,2.69,1.68,2.35,2.42,1.97,1.25,1.09,1.07,2.71,1.98,2.84,2.45,3.03,3.91,2.1,1.95,0.81,2.87,1.84,1.42,1.26,1.11,1.97,2.73,0.44,2.07,1.01,2.2,2.56,2.96,2.62,2.53,1.67,1.86,1.64,0.59,2.1,2.73,1.67,1.54,1.86,1.73,2.42,1.6,2.64,2.11,0.98,2.48,3.21,2.01,3.08,1.24,2.06,2.52,1.88,3.15,2.5,2.35,2.55,2.16,2.57,2.38,2.38,3.72,1.12,2.03,3.2,2.19,1.71,1.65,2.58,0.96,1.2,2.86,3.47,0.0,0.7,2.55
d98,42.03701941013819,-87.74274080920746,2.24,1.55,0.42,2.39,0.81,3.34,0.42,1.68,2.34,0.92,2.19,1.02,1.81,1.24,0.81,0.84,2.57,1.79,0.87,2.04,1.62,1.54,2.29,1.82,1.83,2.33,1.48,0.65,1.14,1.07,2.07,1.86,2.28,2.4,2.88,3.42,1.72,1.68,1.31,2.65,1.81,1.46,1.46,0.82,2.07,2.99,1.06,2.05,1.22,2.0,2.49,2.41,2.69,2.2,1.17,1.52,0.95,0.84,1.41,2.72,1.11,1.66,2.18,1.1,2.11,0.9,2.14,1.92,0.41,2.23,2.78,2.01,3.03,1.46,1.44,1.83,1.75,3.02,2.52,2.34,2.2,1.66,1.89,2.35,1.99,3.19,1.28,1.35,3.16,1.57,1.35,1.07,1.9,0.27,0.69,2.44,3.31,0.7,0.0,2.12
d99,42.0495914747997,-87.78040303138205,4.29,1.31,1.87,4.08,1.61,1.26,2.54,1.84,3.53,1.88,4.21,1.79,2.53,3.35,2.4,2.84,1.07,3.9,1.85,0.1,1.77,1.06,0.23,3.92,0.47,1.26,3.02,1.5,3.25,3.18,1.12,1.11,0.67,1.42,1.33,1.36,0.48,0.76,3.34,4.45,3.84,3.55,1.93,1.45,1.75,5.11,2.99,4.07,1.96,3.88,1.4,3.49,4.75,3.89,0.95,0.74,1.95,2.11,1.57,1.69,2.63,3.77,4.29,1.23,3.85,1.8,3.45,0.92,1.71,4.02,4.14,1.49,1.75,3.58,1.04,1.72,3.72,4.9,4.56,1.5,3.86,3.14,2.39,4.36,3.58,1.23,1.85,1.47,1.88,2.65,3.14,1.14,1.62,1.92,2.53,0.33,5.13,2.55,2.12,0.0
